endDate,value_alex,value_james
2015-10-12,84.64400000000005,
2015-10-13,538.3210000000003,
2015-10-14,747.4359999999994,
2015-10-15,408.7509999999995,
2015-10-16,838.4009999999993,
2015-10-17,1175.248,
2015-10-18,505.98299999999983,
2015-10-19,408.18200000000024,
2015-10-20,423.13899999999944,
2015-10-21,580.3969999999996,
2015-10-22,440.7440000000002,
2015-10-23,827.2220000000003,
2015-10-24,784.6599999999994,
2015-10-25,502.45299999999946,
2015-10-26,423.2450000000001,
2015-10-27,605.8999999999997,
2015-10-28,490.60199999999963,
2015-10-29,479.39899999999983,
2015-10-30,686.7560000000004,
2015-10-31,797.1139999999996,
2015-11-01,496.09000000000026,
2015-11-02,493.77999999999986,
2015-11-03,694.0890000000003,
2015-11-04,429.21599999999984,
2015-11-05,456.791,
2015-11-06,431.62000000000006,
2015-11-07,504.8979999999998,
2015-11-08,471.115,
2015-11-09,468.31799999999953,
2015-11-10,613.8880000000001,
2015-11-11,483.4509999999998,
2015-11-12,491.0950000000002,
2015-11-13,664.6039999999995,
2015-11-14,697.4319999999993,
2015-11-15,616.9719999999982,
2015-11-16,470.15400000000005,
2015-11-17,737.0689999999996,
2015-11-18,461.38400000000036,
2015-11-19,553.3189999999993,
2015-11-20,539.3780000000007,
2015-11-21,828.5210000000005,
2015-11-22,580.9889999999984,
2015-11-23,505.1,
2015-11-24,497.5029999999994,
2015-11-25,769.3029999999989,
2015-11-26,1165.0779999999995,
2015-11-27,679.245999999999,
2015-11-28,356.62899999999934,
2015-11-29,516.1699999999993,
2015-11-30,332.49599999999975,
2015-12-01,339.8209999999996,
2015-12-02,491.73399999999947,
2015-12-03,1034.0999999999997,
2015-12-04,557.5899999999989,
2015-12-05,457.7489999999989,
2015-12-06,418.96900000000034,
2015-12-07,450.12100000000027,
2015-12-08,406.452,
2015-12-09,493.2749999999997,
2015-12-10,508.9970000000002,
2015-12-11,857.6030000000002,
2015-12-12,494.74299999999977,
2015-12-13,569.2359999999996,
2015-12-14,419.0219999999996,
2015-12-15,534.2,
2015-12-16,457.1180000000001,
2015-12-17,481.97700000000003,
2015-12-18,939.7189999999997,
2015-12-19,461.2899999999994,
2015-12-20,628.9929999999994,
2015-12-21,412.48300000000023,
2015-12-22,486.87999999999886,
2015-12-23,426.0659999999995,
2015-12-24,371.10099999999903,
2015-12-25,471.6129999999991,
2015-12-26,833.6209999999998,
2015-12-27,884.1379999999999,
2015-12-28,416.17199999999957,
2015-12-29,892.7349999999999,
2015-12-30,420.72899999999953,
2015-12-31,798.4459999999988,
2016-01-01,992.8279999999972,
2016-01-02,823.2049999999999,
2016-01-03,481.07399999999916,
2016-01-04,467.6059999999994,
2016-01-05,503.5380000000002,
2016-01-06,753.3189999999993,
2016-01-07,312.84399999999954,
2016-01-08,719.1999999999986,
2016-01-09,489.9619999999999,
2016-01-10,697.2379999999971,
2016-01-11,430.75699999999966,
2016-01-12,899.7949999999996,
2016-01-13,533.7899999999985,
2016-01-14,479.0389999999995,
2016-01-15,458.2949999999998,
2016-01-16,452.99999999999966,
2016-01-17,646.5550000000005,
2016-01-18,412.4119999999997,
2016-01-19,656.5559999999995,
2016-01-20,854.5049999999999,
2016-01-21,428.082,
2016-01-22,373.8689999999993,
2016-01-23,711.7750000000002,
2016-01-24,466.2069999999988,
2016-01-25,500.0149999999993,
2016-01-26,588.9990000000003,
2016-01-27,413.2699999999994,
2016-01-28,413.60999999999996,
2016-01-29,540.9149999999995,
2016-01-30,399.4699999999995,
2016-01-31,520.0979999999997,
2016-02-01,381.2799999999995,
2016-02-02,396.0690000000004,
2016-02-03,455.7240000000006,
2016-02-04,694.7060000000008,
2016-02-05,563.4009999999992,
2016-02-06,400.26199999999926,
2016-02-07,590.5690000000014,
2016-02-08,481.19399999999973,
2016-02-09,372.31499999999954,
2016-02-10,352.0749999999999,
2016-02-11,431.4749999999999,
2016-02-12,623.6379999999998,
2016-02-13,427.47100000000006,
2016-02-14,539.3639999999989,
2016-02-15,509.4709999999994,
2016-02-16,483.77299999999946,
2016-02-17,416.836000000001,
2016-02-18,454.01800000000065,
2016-02-19,500.20600000000076,
2016-02-20,682.2259999999999,
2016-02-21,569.3669999999979,
2016-02-22,440.8820000000006,
2016-02-23,480.1459999999991,
2016-02-24,418.45600000000076,
2016-02-25,474.99499999999983,
2016-02-26,631.7390000000005,
2016-02-27,760.335,
2016-02-28,578.6070000000001,
2016-02-29,502.6979999999994,
2016-03-01,438.76800000000117,
2016-03-02,550.0180000000007,
2016-03-03,643.1969999999985,
2016-03-04,675.7080000000002,
2016-03-05,305.60800000000023,
2016-03-06,869.1869999999997,
2016-03-07,1070.5729999999992,
2016-03-08,765.5029999999983,
2016-03-09,612.6299999999966,
2016-03-10,793.6340000000009,
2016-03-11,896.7030000000009,
2016-03-12,883.6600000000009,
2016-03-13,801.8589999999944,
2016-03-14,232.04499999999982,
2016-03-15,438.3899999999999,
2016-03-16,271.6970000000005,
2016-03-17,318.4510000000004,
2016-03-18,701.3210000000008,
2016-03-19,756.7659999999998,
2016-03-20,536.2299999999987,
2016-03-21,406.5560000000002,
2016-03-22,419.13199999999995,
2016-03-23,335.3489999999996,
2016-03-24,443.0089999999996,
2016-03-25,620.1640000000003,
2016-03-26,533.849,
2016-03-27,629.694,
2016-03-28,393.1350000000004,
2016-03-29,341.8230000000008,
2016-03-30,516.4100000000002,
2016-03-31,357.36200000000053,
2016-04-01,795.1029999999981,
2016-04-02,382.10000000000065,
2016-04-03,298.0210000000006,
2016-04-04,615.1750000000009,
2016-04-05,427.8529999999994,
2016-04-06,299.86999999999966,
2016-04-07,321.96199999999965,
2016-04-08,458.4889999999999,
2016-04-09,272.83799999999985,
2016-04-10,255.34299999999982,
2016-04-11,481.1140000000004,
2016-04-12,418.9059999999998,
2016-04-13,486.43099999999987,
2016-04-14,451.30999999999966,
2016-04-15,661.454,
2016-04-16,590.5069999999998,
2016-04-17,1338.0400000000004,
2016-04-18,444.9680000000012,
2016-04-19,366.11900000000065,
2016-04-20,380.8900000000005,
2016-04-21,446.19899999999996,
2016-04-22,624.575,
2016-04-23,931.1289999999998,
2016-04-24,295.66699999999935,
2016-04-25,1111.8290000000002,
2016-04-26,375.409999999999,
2016-04-27,580.6190000000007,
2016-04-28,326.4979999999999,
2016-04-29,436.95199999999994,
2016-04-30,682.0579999999998,
2016-05-01,1542.6649999999975,
2016-05-02,512.441,
2016-05-03,718.1909999999997,
2016-05-04,452.2959999999998,
2016-05-05,515.0470000000005,
2016-05-06,666.949,
2016-05-07,465.7110000000001,
2016-05-08,316.089,
2016-05-09,358.11100000000033,
2016-05-10,615.5760000000007,
2016-05-11,1413.5309999999995,
2016-05-12,310.21099999999933,
2016-05-13,680.6310000000004,
2016-05-14,446.5519999999994,
2016-05-15,332.0759999999996,
2016-05-16,373.95999999999947,
2016-05-17,323.6129999999991,
2016-05-18,434.92100000000005,
2016-05-19,1007.0399999999998,
2016-05-20,611.5750000000003,
2016-05-21,611.2050000000012,
2016-05-22,567.0570000000001,
2016-05-23,1047.8969999999993,
2016-05-24,311.6299999999994,
2016-05-25,337.0599999999985,
2016-05-26,497.4579999999997,
2016-05-27,304.3609999999994,
2016-05-28,353.6649999999995,
2016-05-29,675.4060000000012,
2016-05-30,489.194999999999,
2016-05-31,402.05799999999965,
2016-06-01,464.1259999999994,
2016-06-02,407.6809999999993,
2016-06-03,704.9510000000008,
2016-06-04,741.4850000000007,
2016-06-05,340.17599999999925,
2016-06-06,379.10799999999927,
2016-06-07,710.8439999999997,
2016-06-08,327.70899999999995,
2016-06-09,606.2400000000004,
2016-06-10,453.77099999999893,
2016-06-11,42.27900000000001,
2016-06-12,365.91599999999977,
2016-06-13,469.0100000000001,
2016-06-14,498.6259999999994,
2016-06-15,530.6249999999997,
2016-06-16,609.4799999999994,
2016-06-17,358.56599999999975,
2016-06-18,266.72999999999973,
2016-06-19,175.8769999999998,
2016-06-20,375.4870000000001,
2016-06-21,311.0989999999999,
2016-06-22,696.1560000000002,
2016-06-23,426.39099999999974,
2016-06-24,528.4689999999994,
2016-06-25,382.8549999999998,
2016-06-26,221.26399999999916,
2016-06-27,474.6279999999998,
2016-06-28,371.2060000000002,
2016-06-29,559.3180000000002,
2016-06-30,466.82199999999943,
2016-07-01,591.2709999999998,
2016-07-02,295.51899999999927,
2016-07-03,364.6669999999988,
2016-07-04,87.49700000000001,
2016-07-05,318.5319999999995,
2016-07-06,566.7230000000001,
2016-07-07,570.6439999999999,
2016-07-08,606.2749999999986,
2016-07-09,424.1969999999993,
2016-07-10,391.1839999999984,
2016-07-11,365.6859999999997,
2016-07-12,534.1149999999993,
2016-07-13,395.0289999999998,
2016-07-14,465.8039999999994,
2016-07-15,480.6850000000001,
2016-07-16,637.5619999999992,
2016-07-17,283.12899999999877,
2016-07-18,477.8239999999994,
2016-07-19,469.613,
2016-07-20,1031.1230000000005,
2016-07-21,507.76199999999955,
2016-07-22,759.5059999999996,
2016-07-23,407.6239999999987,
2016-07-24,256.06600000000003,
2016-07-25,415.8939999999995,
2016-07-26,421.25199999999967,
2016-07-27,358.21299999999957,
2016-07-28,446.6499999999984,
2016-07-29,575.3699999999993,
2016-07-30,193.62499999999983,
2016-07-31,319.22999999999996,
2016-08-01,482.21999999999974,
2016-08-02,302.79699999999923,
2016-08-03,565.7519999999996,
2016-08-04,461.61099999999885,
2016-08-05,602.9279999999993,
2016-08-06,695.8689999999993,
2016-08-07,243.23899999999986,
2016-08-08,490.85199999999895,
2016-08-09,524.0609999999995,
2016-08-10,494.7589999999986,
2016-08-11,598.3380000000012,
2016-08-12,639.7369999999999,
2016-08-13,631.8420000000018,
2016-08-14,353.4819999999993,
2016-08-15,469.70899999999915,
2016-08-16,320.07699999999915,
2016-08-17,367.45299999999975,
2016-08-18,481.1319999999993,
2016-08-19,871.4769999999996,
2016-08-20,832.7990000000005,
2016-08-21,587.3759999999993,
2016-08-22,320.90599999999944,
2016-08-23,385.65899999999925,
2016-08-24,260.29599999999937,
2016-08-25,360.50299999999913,
2016-08-26,547.6409999999996,
2016-08-27,309.3069999999994,
2016-08-28,285.9679999999993,
2016-08-29,640.9669999999995,
2016-08-30,510.8249999999985,
2016-08-31,287.0249999999996,
2016-09-01,374.9859999999989,
2016-09-02,506.79899999999935,
2016-09-03,195.70299999999978,
2016-09-04,566.0219999999989,
2016-09-05,310.6259999999985,
2016-09-06,294.4209999999994,
2016-09-07,536.7019999999993,
2016-09-08,391.2149999999993,
2016-09-09,640.1630000000004,
2016-09-10,144.52999999999983,
2016-09-11,165.13899999999953,
2016-09-12,297.7149999999991,
2016-09-13,339.0859999999997,
2016-09-14,454.1499999999994,
2016-09-15,417.31399999999945,
2016-09-16,568.0629999999986,
2016-09-17,465.5959999999999,
2016-09-18,322.0450000000002,
2016-09-19,490.2889999999988,
2016-09-20,408.7879999999998,
2016-09-21,490.5709999999987,
2016-09-22,473.8529999999988,
2016-09-23,615.146999999999,
2016-09-24,228.74699999999996,
2016-09-25,215.38299999999978,
2016-09-26,654.5819999999991,
2016-09-27,692.8139999999994,
2016-09-28,761.4679999999989,
2016-09-29,714.8009999999995,
2016-09-30,624.5279999999992,
2016-10-01,527.1069999999993,
2016-10-02,709.6259999999993,
2016-10-03,700.1769999999992,
2016-10-04,737.0549999999994,
2016-10-05,259.41199999999947,
2016-10-06,313.38699999999955,
2016-10-07,616.9769999999975,
2016-10-08,534.3990000000002,
2016-10-09,201.33899999999886,
2016-10-10,669.1889999999996,
2016-10-11,800.3629999999996,
2016-10-12,696.6159999999995,
2016-10-13,729.4259999999994,
2016-10-14,540.5070000000001,
2016-10-15,454.6199999999999,
2016-10-16,161.15099999999978,
2016-10-17,680.2049999999995,
2016-10-18,612.2699999999991,
2016-10-19,733.1889999999994,
2016-10-20,661.3689999999989,
2016-10-21,879.0269999999999,
2016-10-22,804.4769999999994,
2016-10-23,384.3739999999991,
2016-10-24,767.6069999999994,
2016-10-25,699.5489999999994,
2016-10-26,664.9029999999991,
2016-10-27,713.1129999999994,
2016-10-28,664.7479999999998,
2016-10-29,783.3220000000032,
2016-10-30,249.1409999999996,
2016-10-31,764.0889999999993,
2016-11-01,652.3079999999993,
2016-11-02,795.5199999999995,
2016-11-03,627.0299999999986,
2016-11-04,247.20599999999973,
2016-11-05,250.66599999999977,
2016-11-06,472.47299999999905,
2016-11-07,739.5939999999997,
2016-11-08,486.5689999999994,
2016-11-09,674.0969999999998,
2016-11-10,856.4069999999995,
2016-11-11,615.8559999999992,
2016-11-12,576.6419999999993,
2016-11-13,611.6439999999999,
2016-11-14,916.9909999999995,
2016-11-15,818.4959999999992,
2016-11-16,870.1369999999991,
2016-11-17,880.4689999999995,
2016-11-18,862.8709999999992,
2016-11-19,877.3379999999997,
2016-11-20,364.16699999999963,
2016-11-21,969.0339999999993,
2016-11-22,306.1419999999997,
2016-11-23,358.06899999999996,
2016-11-24,229.146,
2016-11-25,287.6759999999996,
2016-11-26,392.3999999999993,
2016-11-27,420.7639999999996,
2016-11-28,819.5229999999993,
2016-11-29,800.2339999999999,
2016-11-30,823.2069999999992,
2016-12-01,927.9829999999994,
2016-12-02,695.0619999999988,
2016-12-03,709.0210000000006,
2016-12-04,373.60499999999996,
2016-12-05,1128.3109999999997,
2016-12-06,1161.7409999999995,
2016-12-07,1221.3949999999998,
2016-12-08,1012.2809999999996,
2016-12-09,550.1479999999983,
2016-12-10,387.13199999999983,
2016-12-11,251.4469999999997,
2016-12-12,1275.5469999999991,
2016-12-13,355.99199999999996,
2016-12-14,16.865999999999996,
2016-12-15,484.29799999999966,
2016-12-16,680.895,
2016-12-17,588.398,
2016-12-18,557.2170000000006,
2016-12-19,1153.115999999999,
2016-12-20,789.7109999999992,
2016-12-21,541.787,
2016-12-22,285.4299999999997,
2016-12-23,316.4789999999998,
2016-12-24,354.34999999999974,
2016-12-25,471.94999999999936,
2016-12-26,496.13799999999935,
2016-12-27,487.7909999999978,
2016-12-28,402.81299999999976,
2016-12-29,485.5129999999979,
2016-12-30,437.28199999999947,
2016-12-31,609.5690000000004,
2017-01-01,690.9440000000004,
2017-01-02,229.22999999999942,
2017-01-03,877.0569999999994,
2017-01-04,942.0339999999989,
2017-01-05,615.3600000000004,
2017-01-06,699.9120000000011,
2017-01-07,571.2390000000001,
2017-01-08,404.6259999999998,
2017-01-09,852.6409999999987,
2017-01-10,398.650999999999,
2017-01-11,891.098999999999,
2017-01-12,744.6839999999994,
2017-01-13,655.5320000000016,
2017-01-14,390.98099999999937,
2017-01-15,1018.7840000000014,
2017-01-16,237.6679999999998,
2017-01-17,398.78799999999967,
2017-01-18,777.5969999999993,
2017-01-19,620.4870000000002,
2017-01-20,768.5659999999996,
2017-01-21,896.1389999999997,
2017-01-22,986.4619999999993,
2017-01-23,796.8529999999995,
2017-01-24,688.712999999999,
2017-01-25,437.0379999999991,
2017-01-26,516.8239999999994,
2017-01-27,867.2519999999996,
2017-01-28,552.8419999999996,
2017-01-29,512.1189999999993,
2017-01-30,935.8939999999998,
2017-01-31,821.0799999999996,
2017-02-01,749.37,
2017-02-02,379.7449999999985,
2017-02-03,485.6089999999996,
2017-02-04,639.2780000000001,
2017-02-05,535.4209999999996,
2017-02-06,798.3279999999997,
2017-02-07,894.8489999999995,
2017-02-08,813.934999999999,
2017-02-09,786.9719999999994,
2017-02-10,461.8139999999999,
2017-02-11,378.971999999999,
2017-02-12,245.95499999999979,
2017-02-13,1032.1769999999988,
2017-02-14,807.7929999999992,
2017-02-15,509.11799999999926,
2017-02-16,1327.1749999999988,
2017-02-17,432.9399999999993,
2017-02-18,795.7889999999999,
2017-02-19,511.29299999999984,
2017-02-20,1239.504999999999,
2017-02-21,451.6479999999995,
2017-02-22,1262.4219999999991,
2017-02-23,546.1999999999994,
2017-02-24,643.4809999999998,
2017-02-25,388.377,
2017-02-26,859.7739999999997,
2017-02-27,1085.6409999999996,
2017-02-28,434.10099999999943,
2017-03-01,815.9359999999996,
2017-03-02,507.66099999999904,
2017-03-03,540.6239999999998,
2017-03-04,434.6599999999996,
2017-03-05,240.0469999999999,
2017-03-06,503.614,
2017-03-07,477.09899999999914,
2017-03-08,371.0189999999997,
2017-03-09,421.53199999999936,
2017-03-10,511.4289999999993,
2017-03-11,0.07200000000000001,
2017-03-17,704.3000000000006,
2017-03-18,448.81999999999994,
2017-03-19,278.39900000000006,
2017-03-20,388.04799999999943,
2017-03-21,670.5629999999996,
2017-03-22,583.7579999999988,
2017-03-23,790.9219999999998,
2017-03-24,737.8329999999994,
2017-03-25,344.5200000000001,
2017-03-26,284.7439999999992,
2017-03-27,743.6959999999996,
2017-03-28,426.016,
2017-03-29,548.3609999999992,
2017-03-30,529.5520000000002,
2017-03-31,438.6389999999989,
2017-04-01,382.31899999999933,
2017-04-02,97.85200000000005,
2017-04-03,897.1639999999994,
2017-04-04,650.3529999999994,
2017-04-05,485.1479999999998,
2017-04-06,709.1859999999992,
2017-04-07,659.6000000000003,
2017-04-08,526.3779999999997,
2017-04-09,582.7330000000004,
2017-04-10,457.09399999999977,
2017-04-11,756.9549999999998,
2017-04-12,554.9559999999998,
2017-04-13,449.9009999999999,
2017-04-14,619.5799999999991,
2017-04-15,512.1839999999997,
2017-04-16,501.3679999999995,
2017-04-17,1251.9249999999993,
2017-04-18,397.2289999999994,
2017-04-19,471.40900000000016,
2017-04-20,389.90399999999966,
2017-04-21,679.5129999999995,
2017-04-22,723.2460000000019,
2017-04-23,754.2880000000009,
2017-04-24,1208.936999999999,
2017-04-25,391.9099999999993,
2017-04-26,520.2199999999993,
2017-04-27,533.9569999999986,
2017-04-28,527.3899999999988,
2017-04-29,398.0149999999991,
2017-04-30,306.68499999999943,
2017-05-01,448.72599999999966,
2017-05-02,845.1089999999998,
2017-05-03,593.8379999999985,
2017-05-04,734.6620000000013,
2017-05-05,895.8420000000015,
2017-05-06,854.7759999999996,
2017-05-07,288.23299999999915,
2017-05-08,1016.9019999999996,
2017-05-09,455.6499999999997,
2017-05-10,624.1200000000017,
2017-05-11,758.955999999999,
2017-05-12,551.5520000000001,
2017-05-13,771.1740000000017,
2017-05-14,435.05499999999887,
2017-05-15,410.7859999999993,
2017-05-16,512.9609999999989,
2017-05-17,444.901999999999,
2017-05-18,508.11999999999927,
2017-05-19,590.6680000000003,
2017-05-20,326.9149999999997,
2017-05-21,437.50399999999917,
2017-05-22,548.5889999999993,
2017-05-23,332.19799999999884,
2017-05-24,373.80499999999984,
2017-05-25,725.260000000001,
2017-05-26,714.957000000001,
2017-05-27,180.3169999999999,
2017-05-28,319.2589999999996,
2017-05-29,424.6059999999987,
2017-05-30,249.52399999999926,
2017-05-31,523.4319999999996,
2017-06-01,490.7599999999998,
2017-06-02,677.8430000000006,
2017-06-03,21.525999999999986,
2017-06-04,523.8379999999994,
2017-06-05,450.1989999999996,
2017-06-06,464.2300000000002,
2017-06-07,479.8499999999995,
2017-06-08,397.0619999999995,
2017-06-09,467.0019999999988,
2017-06-10,698.0739999999998,
2017-06-11,228.77899999999968,
2017-06-12,312.5780000000001,
2017-06-13,511.30899999999997,
2017-06-14,712.5579999999998,
2017-06-15,645.054000000001,
2017-06-16,505.29299999999864,
2017-06-17,570.132000000001,
2017-06-18,541.8699999999997,
2017-06-19,273.86499999999995,
2017-06-20,1168.823,
2017-06-21,528.6880000000003,
2017-06-22,593.6530000000009,
2017-06-23,772.0919999999988,
2017-06-24,735.6480000000004,
2017-06-25,498.73999999999955,
2017-06-26,366.3459999999996,
2017-06-27,528.3899999999995,
2017-06-28,470.69300000000067,
2017-06-29,552.916999999999,
2017-06-30,637.4029999999975,
2017-07-01,588.6610000000001,
2017-07-02,487.4949999999999,
2017-07-03,607.0390000000001,
2017-07-04,495.12400000000036,
2017-07-05,367.1699999999998,
2017-07-06,873.2919999999999,
2017-07-07,610.7450000000005,
2017-07-08,1230.2709999999997,
2017-07-09,462.11000000000024,
2017-07-10,763.4070000000007,
2017-07-11,991.4600000000003,
2017-07-12,500.54499999999985,
2017-07-13,742.7820000000002,
2017-07-14,617.307,
2017-07-15,1477.5950000000003,
2017-07-16,259.5530000000003,
2017-07-17,513.3779999999999,
2017-07-18,615.388,
2017-07-19,677.7740000000008,
2017-07-20,779.210999999999,
2017-07-21,649.4820000000016,
2017-07-22,520.2210000000005,
2017-07-23,512.9179999999997,
2017-07-24,905.4480000000002,
2017-07-25,1018.3520000000004,
2017-07-26,553.1260000000005,
2017-07-27,1293.5560000000028,
2017-07-28,860.0749999999991,
2017-07-29,349.98500000000024,
2017-07-30,217.8499999999999,
2017-07-31,486.69599999999997,
2017-08-01,949.6270000000006,
2017-08-02,716.781000000001,
2017-08-03,655.539999999998,
2017-08-04,697.7300000000016,
2017-08-05,1086.7750000000005,
2017-08-06,582.8399999999996,
2017-08-07,483.35199999999975,
2017-08-08,859.3439999999995,
2017-08-09,755.1450000000003,
2017-08-10,1663.7190000000014,
2017-08-11,522.6599999999999,
2017-08-12,761.6459999999995,
2017-08-13,506.09800000000064,
2017-08-14,553.9390000000005,
2017-08-15,363.97599999999954,
2017-08-16,642.8310000000002,
2017-08-17,1142.8070000000002,
2017-08-18,1024.1509999999996,
2017-08-19,499.84500000000014,
2017-08-20,531.5589999999992,
2017-08-21,890.9060000000007,
2017-08-22,846.3709999999996,
2017-08-23,456.6550000000004,
2017-08-24,1398.005000000001,
2017-08-25,740.9580000000017,
2017-08-26,582.4389999999999,
2017-08-27,455.68600000000004,
2017-08-28,668.7779999999999,
2017-08-29,807.8240000000304,
2017-08-30,573.7050000000005,
2017-08-31,562.1779999999995,
2017-09-01,654.0599999999997,
2017-09-02,1169.0060000000005,
2017-09-03,1082.2159999999994,
2017-09-04,1094.4899999999998,
2017-09-05,570.0619999999998,
2017-09-06,566.5379999999998,
2017-09-07,1267.622999999999,
2017-09-08,913.8400000000008,
2017-09-09,1123.3979999999997,
2017-09-10,857.9220000000008,
2017-09-11,1532.2329999999997,
2017-09-12,553.886,
2017-09-13,709.6939999999996,
2017-09-14,471.0130000000002,
2017-09-15,1073.1300000000006,
2017-09-16,982.0869999999994,
2017-09-17,508.7270000000007,
2017-09-18,552.2960000000015,
2017-09-19,634.7070000000002,
2017-09-20,1033.9309999999998,
2017-09-21,490.55600000000084,
2017-09-22,554.0770000000006,
2017-09-23,872.4640000000004,
2017-09-24,392.40700000000044,
2017-09-25,808.4000000000007,
2017-09-26,701.3929999999997,
2017-09-27,938.5760000000012,
2017-09-28,648.3859999999999,
2017-09-29,1442.3310000000004,
2017-09-30,630.2009999999989,
2017-10-01,528.4410000000001,
2017-10-02,733.6209999999996,
2017-10-03,991.3440000000006,
2017-10-04,574.3340000000005,
2017-10-05,579.2780000000005,
2017-10-06,650.1459999999996,
2017-10-07,411.00299999999993,
2017-10-08,621.107,
2017-10-09,553.0039999999995,
2017-10-10,391.29900000000004,
2017-10-11,903.9530000000013,
2017-10-12,265.0129999999994,
2017-10-13,761.986000000001,
2017-10-14,614.424999999999,
2017-10-15,47.51400000000001,
2017-10-16,750.3230000000009,
2017-10-17,668.1079999999997,
2017-10-18,624.9930000000008,
2017-10-19,602.6809999999991,
2017-10-20,489.7419999999996,
2017-10-21,334.7110000000001,
2017-10-22,578.452,
2017-10-23,436.3449999999992,
2017-10-24,774.287,
2017-10-25,508.2010000000005,
2017-10-26,765.5820000000002,
2017-10-27,692.6709999999998,
2017-10-28,737.3909999999996,
2017-10-29,510.62000000000006,
2017-10-30,382.51199999999943,
2017-10-31,933.1089999999998,
2017-11-01,754.8940000000001,
2017-11-02,202.99399999999986,
2017-11-03,708.7969999999988,
2017-11-04,416.2820000000002,
2017-11-05,428.72300000000047,
2017-11-06,931.8810000000003,
2017-11-07,503.59399999999965,
2017-11-08,522.4140000000002,
2017-11-09,1109.3349999999994,
2017-11-10,565.5250000000004,
2017-11-11,584.7469999999997,
2017-11-12,358.7620000000006,
2017-11-13,807.6770000000004,
2017-11-14,719.465,
2017-11-15,563.4090000000008,
2017-11-16,562.2439999999996,
2017-11-17,912.3300000000007,
2017-11-18,597.4699999999993,
2017-11-19,387.50699999999955,
2017-11-20,448.7890000000006,
2017-11-21,804.2039999999998,
2017-11-22,1141.6319999999998,
2017-11-23,1153.4600000000028,
2017-11-24,841.2259999999997,
2017-11-25,536.0499999999995,
2017-11-26,573.0990000000005,
2017-11-27,555.4790000000007,
2017-11-28,382.86300000000057,
2017-11-29,579.6750000000001,
2017-11-30,471.58700000000107,
2017-12-01,914.2260000000002,
2017-12-02,959.8909999999998,
2017-12-03,282.1369999999995,
2017-12-04,1308.7609999999997,
2017-12-05,1298.1209999999996,
2017-12-06,453.9499999999993,
2017-12-07,576.2989999999993,
2017-12-08,776.331,
2017-12-09,653.5159999999986,
2017-12-10,245.8439999999995,
2017-12-11,960.6330000000005,
2017-12-12,473.90100000000047,
2017-12-13,922.5680000000009,
2017-12-14,483.4080000000002,
2017-12-15,547.445,
2017-12-16,424.2850000000001,
2017-12-17,260.3869999999995,
2017-12-18,1169.9930000000004,
2017-12-19,468.9230000000005,
2017-12-20,602.294,
2017-12-21,461.13400000000007,
2017-12-22,1180.3969999999995,
2017-12-23,431.0099999999995,
2017-12-24,445.58800000000053,
2017-12-25,393.02699999999993,
2017-12-26,707.9750000000005,
2017-12-27,551.7470000000003,
2017-12-28,967.023000000001,
2017-12-29,629.2590000000005,
2017-12-30,400.19300000000004,
2017-12-31,606.0450000000003,
2018-01-01,397.7449999999995,
2018-01-02,995.8100000000004,
2018-01-03,1046.926,
2018-01-04,505.1719999999997,
2018-01-05,567.2710000000002,
2018-01-06,474.56199999999995,
2018-01-07,380.0760000000002,
2018-01-08,943.1479999999997,
2018-01-09,610.4170000000005,
2018-01-10,520.4730000000001,
2018-01-11,489.25100000000066,
2018-01-12,742.7710000000005,
2018-01-13,572.8069999999996,
2018-01-14,432.1830000000006,
2018-01-15,321.6850000000001,
2018-01-16,1083.5320000000002,
2018-01-17,912.1400000000002,
2018-01-18,504.7719999999998,
2018-01-19,771.0920000000001,
2018-01-20,834.2060000000004,
2018-01-21,484.48199999999986,
2018-01-22,562.5269999999999,
2018-01-23,926.453,
2018-01-24,559.3609999999998,
2018-01-25,1324.56,
2018-01-26,750.0730000000013,
2018-01-27,615.6040000000004,
2018-01-28,589.694000000001,
2018-01-29,509.952,
2018-01-30,522.9299999999996,
2018-01-31,915.4270000000005,
2018-02-01,511.3190000000004,
2018-02-02,1203.5950000000014,
2018-02-03,772.3959999999995,
2018-02-04,632.4799999999994,
2018-02-05,425.60900000000026,
2018-02-06,630.8950000000013,
2018-02-07,990.9700000000013,
2018-02-08,1058.1299999999997,
2018-02-09,689.1570000000014,
2018-02-10,1112.8050000000007,
2018-02-11,712.1129999999994,
2018-02-12,1041.4879999999998,
2018-02-13,550.9219999999996,
2018-02-14,1190.4750000000006,
2018-02-15,775.3500000000004,
2018-02-16,828.9320000000007,
2018-02-17,1195.6920000000007,
2018-02-18,571.08,
2018-02-19,1096.500000000001,
2018-02-20,1042.3200000000004,
2018-02-21,951.711999999999,
2018-02-22,1310.2780000000007,
2018-02-23,776.0900000000013,
2018-02-24,565.4379999999994,
2018-02-25,580.856000000001,
2018-02-26,561.7760000000005,
2018-02-27,1091.816,
2018-02-28,632.2940000000021,
2018-03-01,552.2540000000007,
2018-03-02,632.0890000000004,
2018-03-03,698.9059999999993,
2018-03-04,406.65699999999987,
2018-03-05,1202.2220000000004,
2018-03-06,625.0309999999998,
2018-03-07,1156.138,
2018-03-08,702.0829999999996,
2018-03-09,620.0009999999997,
2018-03-10,517.7300000000004,
2018-03-11,433.4730000000001,
2018-03-12,1010.645,
2018-03-13,520.5669999999999,
2018-03-14,1411.9499999999996,
2018-03-15,686.9749999999999,
2018-03-16,665.8039999999999,
2018-03-17,801.0670000000007,
2018-03-18,376.20499999999925,
2018-03-19,641.4310000000005,
2018-03-20,456.21099999999984,
2018-03-21,1646.9110000000003,
2018-03-22,1113.6019999999996,
2018-03-23,1149.3180000000002,
2018-03-24,1682.5049999999992,
2018-03-25,720.8989999999998,
2018-03-26,385.1449999999994,
2018-03-27,505.4799999999997,
2018-03-28,485.9149999999998,
2018-03-29,617.667000000001,
2018-03-30,526.8289999999997,
2018-03-31,366.5140000000001,
2018-04-01,352.6300000000003,
2018-04-02,863.2839999999994,
2018-04-03,507.98999999999984,
2018-04-04,404.21399999999954,
2018-04-05,848.3509999999998,
2018-04-06,686.2080000000002,
2018-04-07,700.8969999999998,
2018-04-08,417.8799999999993,
2018-04-09,1063.1540000000005,
2018-04-10,614.5210000000009,
2018-04-11,530.0510000000002,
2018-04-12,654.2280000000007,
2018-04-13,547.283,
2018-04-14,1079.067,
2018-04-15,188.5029999999999,
2018-04-16,701.0240000000006,
2018-04-17,872.6900000000003,
2018-04-18,675.7489999999999,
2018-04-19,713.0690000000005,
2018-04-20,695.044999999999,
2018-04-21,1072.5190000000011,
2018-04-22,538.4370000000004,
2018-04-23,732.0770000000001,
2018-04-24,708.5419999999995,
2018-04-25,648.4539999999996,
2018-04-26,656.8070000000001,
2018-04-27,1231.138,
2018-04-28,1131.3479999999997,
2018-04-29,422.96000000000004,
2018-04-30,750.4630000000003,
2018-05-01,574.6549999999999,
2018-05-02,969.7549999999997,
2018-05-03,707.6919999999999,
2018-05-04,776.2800000000008,
2018-05-05,544.1119999999996,
2018-05-06,348.20799999999986,
2018-05-07,680.0480000000006,
2018-05-08,813.5000000000002,
2018-05-09,623.9900000000005,
2018-05-10,1089.6989999999994,
2018-05-11,650.5820000000001,
2018-05-12,736.0600000000009,
2018-05-13,526.7779999999999,
2018-05-14,702.4190000000012,
2018-05-15,629.7490000000001,
2018-05-16,1060.6820000000007,
2018-05-17,770.3380000000003,
2018-05-18,995.353,
2018-05-19,615.86,
2018-05-20,540.4760000000001,
2018-05-21,656.5510000000005,
2018-05-22,743.4079999999996,
2018-05-23,741.6350000000004,
2018-05-24,984.1450000000001,
2018-05-25,861.8009999999996,
2018-05-26,311.8139999999999,
2018-05-27,1177.3210000000006,
2018-05-28,440.51600000000036,
2018-05-29,659.6070000000009,
2018-05-30,1023.8499999999998,
2018-05-31,1070.741,
2018-06-01,846.9139999999996,
2018-06-02,743.6559999999996,
2018-06-03,369.7839999999999,
2018-06-04,1301.0830000000017,
2018-06-05,1011.7190000000003,
2018-06-06,750.5099999999998,
2018-06-07,758.8560000000004,
2018-06-08,771.0059999999999,
2018-06-09,563.4039999999998,
2018-06-10,542.4019999999992,
2018-06-11,515.6729999999997,
2018-06-12,642.9429999999993,
2018-06-13,929.6980000000008,
2018-06-14,864.4090000000001,
2018-06-15,864.9520000000005,
2018-06-16,661.1839999999985,
2018-06-17,438.3909999999997,
2018-06-18,783.4750000000008,
2018-06-19,725.6029999999995,
2018-06-20,1069.506,
2018-06-21,866.1899999999999,
2018-06-22,993.3579999999968,
2018-06-23,547.7119999999994,
2018-06-24,819.9460000000005,
2018-06-25,712.2309999999986,
2018-06-26,708.3849999999989,
2018-06-27,689.893,
2018-06-28,1357.1769999999988,
2018-06-29,939.2179999999993,
2018-06-30,777.0679999999999,
2018-07-01,613.4130000000007,
2018-07-02,1078.4150000000004,
2018-07-03,586.3869999999998,
2018-07-04,878.3339999999984,
2018-07-05,927.9260000000002,
2018-07-06,670.138,
2018-07-07,204.64599999999982,
2018-07-08,402.2309999999996,
2018-07-09,1160.9759999999997,
2018-07-10,488.0750000000003,
2018-07-11,590.954999999999,
2018-07-12,342.535,
2018-07-13,533.1839999999997,
2018-07-14,719.4210000000004,
2018-07-15,469.5469999999994,
2018-07-16,1026.2010000000005,
2018-07-17,692.812,
2018-07-18,560.129,
2018-07-19,583.1339999999996,
2018-07-20,727.4069999999997,
2018-07-21,324.0619999999999,
2018-07-22,314.08299999999974,
2018-07-23,1452.976,
2018-07-24,607.8149999999997,
2018-07-25,895.7750000000001,
2018-07-26,1293.4840000000008,
2018-07-27,680.6869999999997,
2018-07-28,442.41499999999985,
2018-07-29,332.63,
2018-07-30,1192.8299999999997,
2018-07-31,1228.0029999999997,
2018-08-01,865.7209999999997,
2018-08-02,773.2030000000001,
2018-08-03,1178.5100000000011,
2018-08-04,780.47,
2018-08-05,362.2839999999996,
2018-08-06,883.7370000000002,
2018-08-07,659.3979999999996,
2018-08-08,636.8920000000003,
2018-08-09,357.6969999999996,
2018-08-10,1232.4799999999998,
2018-08-11,1634.6999999999998,
2018-08-12,395.10699999999963,
2018-08-13,1178.131999999999,
2018-08-14,498.2300000000001,
2018-08-15,684.3179999999993,
2018-08-16,396.28000000000014,
2018-08-17,1069.355,
2018-08-18,742.2029999999997,
2018-08-19,379.48999999999995,
2018-08-20,924.0159999999994,
2018-08-21,1087.4169999999997,
2018-08-22,534.9910000000004,
2018-08-23,865.3719999999996,
2018-08-24,736.1349999999994,
2018-08-25,679.6020000000005,
2018-08-26,383.6390000000001,
2018-08-27,1384.7890000000004,
2018-08-28,908.0250000000003,
2018-08-29,447.70299999999986,
2018-08-30,1022.643,
2018-08-31,875.8730000000003,
2018-09-01,97.47400000000002,
2018-09-02,309.1049999999999,
2018-09-03,198.02899999999977,
2018-09-04,536.1760000000005,
2018-09-05,1041.9639999999995,
2018-09-06,765.537,
2018-09-07,588.8909999999997,
2018-09-08,781.7299999999998,
2018-09-09,739.5690000000006,
2018-09-10,1231.9740000000015,
2018-09-11,712.0770000000009,
2018-09-12,724.5190000000001,
2018-09-13,840.8089999999996,
2018-09-14,734.1160000000003,
2018-09-15,1050.4659999999988,
2018-09-16,604.009999999999,
2018-09-17,893.1179999999999,
2018-09-18,418.99099999999993,
2018-09-19,376.8339999999995,
2018-09-20,498.101,
2018-09-21,1003.9769999999993,
2018-09-22,833.0460000000005,
2018-09-23,1154.2509999999995,
2018-09-24,879.6399999999995,
2018-09-25,603.3480000000003,2.8729999999999993
2018-09-26,782.3719999999998,
2018-09-27,586.0169999999997,
2018-09-28,1118.2030000000004,
2018-09-29,679.4510000000008,
2018-09-30,869.9009999999994,
2018-10-01,779.4280000000003,
2018-10-02,461.79600000000005,
2018-10-03,686.6369999999996,
2018-10-04,650.982,
2018-10-05,872.6100000000002,
2018-10-06,639.9400000000002,
2018-10-07,255.5649999999999,
2018-10-08,1242.844,
2018-10-09,686.5920000000003,
2018-10-10,374.31300000000005,
2018-10-11,385.25800000000015,
2018-10-12,818.2219999999994,
2018-10-13,989.0679999999996,
2018-10-14,465.7899999999997,
2018-10-15,405.58600000000035,
2018-10-16,806.057,
2018-10-17,599.7189999999998,
2018-10-18,791.7410000000007,
2018-10-19,472.86599999999936,
2018-10-20,442.2770000000003,
2018-10-21,658.6159999999996,
2018-10-22,448.354,
2018-10-23,833.9879999999997,
2018-10-24,500.77199999999954,
2018-10-25,592.2720000000003,
2018-10-26,659.4950000000008,
2018-10-27,557.5680000000002,
2018-10-28,594.6920000000009,
2018-10-29,446.58,
2018-10-30,467.3870000000001,
2018-10-31,500.4299999999999,
2018-11-01,451.6530000000001,
2018-11-02,627.8939999999994,
2018-11-03,626.9559999999992,
2018-11-04,313.85199999999975,
2018-11-05,450.29899999999947,
2018-11-06,553.6880000000004,
2018-11-07,582.5099999999993,
2018-11-08,394.6849999999997,
2018-11-09,508.5690000000001,
2018-11-10,1225.3760000000002,
2018-11-11,18.226,
2018-11-12,508.77399999999994,
2018-11-13,535.1819999999997,
2018-11-14,467.9580000000003,
2018-11-15,454.0809999999998,
2018-11-16,724.7809999999995,306.55399999999986
2018-11-17,478.11099999999976,1188.0139999999997
2018-11-18,655.8379999999996,1073.7469999999958
2018-11-19,417.224,816.7120000000018
2018-11-20,429.38500000000005,626.0619999999997
2018-11-21,374.1979999999997,885.7969999999993
2018-11-22,460.8019999999997,1649.0409999999997
2018-11-23,500.24600000000004,859.7699999999998
2018-11-24,534.1449999999999,1100.488
2018-11-25,303.77100000000013,418.52400000000017
2018-11-26,479.6610000000001,646.8710000000001
2018-11-27,510.55899999999997,612.873
2018-11-28,496.98299999999944,609.413999999999
2018-11-29,447.2580000000003,1470.5309999999986
2018-11-30,562.4209999999997,830.6280000000002
2018-12-01,639.5009999999996,719.7759999999988
2018-12-02,392.0780000000001,602.3349999999999
2018-12-03,1051.819,585.8080000000011
2018-12-04,1201.3119999999994,1669.2099999999987
2018-12-05,549.661,612.137
2018-12-06,556.9380000000001,634.9600000000006
2018-12-07,803.7729999999995,718.4520000000006
2018-12-08,461.5690000000001,553.4780000000006
2018-12-09,558.191,776.4820000000004
2018-12-10,420.91399999999965,708.0720000000011
2018-12-11,572.2769999999999,1650.0049999999987
2018-12-12,1056.1399999999992,700.6329999999998
2018-12-13,513.0969999999994,1246.9870000000003
2018-12-14,689.8749999999995,987.5339999999993
2018-12-15,671.2639999999996,831.249000000001
2018-12-16,656.786000000001,779.3929999999999
2018-12-17,723.8480000000002,735.0719999999991
2018-12-18,160.61099999999982,1518.667000000001
2018-12-19,505.8400000000004,776.8749999999995
2018-12-20,526.2930000000007,541.7039999999996
2018-12-21,475.1049999999994,936.0150000000003
2018-12-22,505.7939999999999,1511.2630000000001
2018-12-23,446.9870000000001,1347.4350000000002
2018-12-24,467.8119999999998,713.8849999999986
2018-12-25,794.9450000000005,459.52499999999947
2018-12-26,925.1980000000002,653.41
2018-12-27,994.8610000000001,1393.502
2018-12-28,1346.5379999999996,1515.8779999999997
2018-12-29,611.319,534.5880000000008
2018-12-30,484.702,716.6040000000012
2018-12-31,692.5240000000001,683.6859999999989
2019-01-01,620.2390000000005,745.6350000000002
2019-01-02,1109.2369999999999,551.4239999999992
2019-01-03,827.2729999999996,1588.554
2019-01-04,831.4050000000001,735.1099999999991
2019-01-05,578.5029999999999,776.4919999999983
2019-01-06,595.3642999999998,619.1309999999988
2019-01-07,887.2190000000013,424.2469999999996
2019-01-08,648.4310000000005,1716.8190000000002
2019-01-09,1594.5070000000003,1543.138
2019-01-10,954.5899999999996,1847.016
2019-01-11,841.567,551.6760000000006
2019-01-12,1139.714000000001,769.7230000000001
2019-01-13,458.3790000000004,597.2309999999999
2019-01-14,1014.8090000000007,705.0349999999996
2019-01-15,776.2269999999996,1798.7610000000002
2019-01-16,1036.5500000000004,605.0580000000002
2019-01-17,649.6930000000001,1610.3490000000002
2019-01-18,571.1529999999999,2309.3719999999985
2019-01-19,1312.4279999999997,666.1460000000009
2019-01-20,1141.6899999999996,792.2270000000017
2019-01-21,985.3719999999997,513.4370000000001
2019-01-22,1059.0830000000003,1688.6319999999996
2019-01-23,1424.2969999999998,758.1319999999986
2019-01-24,607.3029999999985,627.0459999999985
2019-01-25,573.8130000000006,753.9179999999981
2019-01-26,661.464,1145.7059999999976
2019-01-27,762.5509999999995,507.26899999999983
2019-01-28,973.6450000000001,575.7060000000004
2019-01-29,488.3000000000003,775.9759999999984
2019-01-30,680.8940000000001,431.0330000000002
2019-01-31,522.775,825.0279999999992
2019-02-01,853.7340000000011,992.3259999999999
2019-02-02,1075.61,628.4369999999991
2019-02-03,614.2610000000002,564.5139999999992
2019-02-04,683.9429999999998,785.0369999999983
2019-02-05,659.6719999999998,1872.3319999999992
2019-02-06,851.6309999999995,615.235
2019-02-07,555.5009999999999,1432.7549999999999
2019-02-08,766.3649999999998,686.9839999999983
2019-02-09,449.7229999999999,808.3239999999979
2019-02-10,478.94699999999983,1602.9460000000008
2019-02-11,629.3989999999992,240.73300000000003
2019-02-12,769.6096899999998,977.0639999999994
2019-02-13,618.5599999999998,1483.4390000000046
2019-02-14,701.5379999999992,774.1260000000001
2019-02-15,946.9140000000001,914.6349999999994
2019-02-16,529.9479999999999,793.8299999999973
2019-02-17,921.0099999999998,450.5539999999987
2019-02-18,510.6229999999995,426.98099999999965
2019-02-19,459.93200000000064,716.0599999999989
2019-02-20,720.2380000000003,385.84399999999954
2019-02-21,699.9150000000002,801.119000000001
2019-02-22,473.96700000000004,733.478000000001
2019-02-23,705.5149999999999,467.6850000000007
2019-02-24,473.7849999999994,459.91700000000026
2019-02-25,740.0050000000003,713.7320000000007
2019-02-26,668.4189999999999,1928.9460000000001
2019-02-27,1106.8000000000006,738.2130000000003
2019-02-28,706.2430000000012,968.3610000000003
2019-03-01,814.8720000000018,810.7810000000007
2019-03-02,538.1159999999998,878.2779999999995
2019-03-03,580.0400000000014,497.63299999999987
2019-03-04,1062.916,720.8799999999993
2019-03-05,457.78499999999934,783.2580000000005
2019-03-06,714.4640000000009,765.5059999999999
2019-03-07,878.3210000000001,1508.9199999999994
2019-03-08,612.049999999999,784.8560000000003
2019-03-09,602.9580000000003,308.22300000000007
2019-03-10,575.1599999999997,514.2629999999992
2019-03-11,499.2130000000002,616.9209999999998
2019-03-12,990.4390000000006,2051.693000000001
2019-03-13,576.1449999999998,747.2940000000004
2019-03-14,745.1029999999998,1684.2269999999999
2019-03-15,514.8439999999998,863.5200000000002
2019-03-16,742.0299999999999,618.7580000000003
2019-03-17,546.9200000000003,434.6670000000009
2019-03-18,1003.8480000000001,650.7690000000001
2019-03-19,457.65599999999984,923.7009999999997
2019-03-20,955.4439999999995,1005.2460000000002
2019-03-21,537.2259999999999,1412.3560000000007
2019-03-22,1039.339,971.9900000000016
2019-03-23,637.5739999999993,335.0230000000001
2019-03-24,750.434,324.7030000000004
2019-03-25,1026.9500000000003,915.6940000000002
2019-03-26,554.7519999999992,767.714000000001
2019-03-27,727.3810000000002,1116.0729999999983
2019-03-28,899.7859999999995,1615.4320000000016
2019-03-29,646.3440000000004,993.0630000000015
2019-03-30,873.4949999999998,423.73699999999974
2019-03-31,445.7089999999999,338.34900000000005
2019-04-01,1066.5739999999998,696.5889999999996
2019-04-02,816.66,613.9210000000003
2019-04-03,554.5889999999994,957.5760000000007
2019-04-04,1096.17,840.4999999999989
2019-04-05,996.2370000000009,1300.2090000000035
2019-04-06,676.7419999999996,866.2260000000003
2019-04-07,534.9790000000003,1280.756000000001
2019-04-08,620.6250000000008,1288.7600000000011
2019-04-09,821.6269999999998,685.2879999999999
2019-04-10,466.23999999999995,622.9490000000001
2019-04-11,547.2779999999998,320.25300000000027
2019-04-12,899.4439999999996,751.3970000000003
2019-04-13,746.2970000000005,705.1090000000005
2019-04-14,623.1789999999999,1312.2590000000007
2019-04-15,776.172,776.8570000000008
2019-04-16,1258.122,1334.2900000000004
2019-04-17,773.0530000000008,946.8350000000008
2019-04-18,447.94899999999916,1893.3510000000003
2019-04-19,223.35500000000008,1420.2309999999995
2019-04-20,1346.9680000000014,1477.2710000000006
2019-04-21,813.4000000000005,593.2280000000007
2019-04-22,454.3529999999994,827.7460000000007
2019-04-23,515.5550000000004,1989.8770000000018
2019-04-24,801.6129999999998,972.617000000002
2019-04-25,682.1750000000004,976.0790000000004
2019-04-26,1642.069000000002,957.5920000000017
2019-04-27,1101.6860000000006,472.1550000000011
2019-04-28,861.686,753.3630000000036
2019-04-29,949.5289999999992,574.7810000000003
2019-04-30,623.1880000000004,896.9670000000002
2019-05-01,699.5520000000009,892.8140000000022
2019-05-02,966.8420000000001,2123.0290000000005
2019-05-03,966.5590000000002,1071.377000000003
2019-05-04,720.0000000000001,1300.5919999999994
2019-05-05,1076.8920000000005,1213.8030000000015
2019-05-06,789.7710000000004,783.4760000000002
2019-05-07,835.8630000000002,1220.2310000000011
2019-05-08,637.197,796.869000000002
2019-05-09,637.4009999999998,689.1119999999999
2019-05-10,942.1930000000003,946.3690000000017
2019-05-11,776.4620000000008,691.4300000000004
2019-05-12,682.9909999999991,1069.648
2019-05-13,732.0919999999995,1112.8539999999991
2019-05-14,668.5150000000001,2265.036000000001
2019-05-15,1527.2079999999999,834.6929999999999
2019-05-16,635.7519999999996,762.0440000000002
2019-05-17,814.9340000000001,768.5659999999995
2019-05-18,755.2590000000005,793.9630000000009
2019-05-19,320.87699999999955,532.4009999999995
2019-05-20,700.7940000000003,671.9280000000006
2019-05-21,678.5860000000004,560.7180000000008
2019-05-22,1128.2099999999998,676.5420000000008
2019-05-23,682.188,1629.7630000000008
2019-05-24,690.9669999999998,857.6040000000023
2019-05-25,1138.2530000000013,114.42200000000001
2019-05-26,593.7329999999997,11.873999999999999
2019-05-27,490.7639999999998,511.07700000000006
2019-05-28,719.6949999999993,2005.771
2019-05-29,1467.096,544.728
2019-05-30,662.9800000000006,2195.976000000001
2019-05-31,1026.4490000000003,718.2079999999991
2019-06-01,1038.5330000000004,1712.7149999999992
2019-06-02,805.1500000000005,1547.1300000000003
2019-06-03,948.178,1367.9909999999988
2019-06-04,917.895,591.2349999999993
2019-06-05,1883.2510000000002,651.3710000000005
2019-06-06,917.0070000000012,741.3220000000008
2019-06-07,1117.2230000000004,1437.145
2019-06-08,1105.8640000000016,1593.1680000000001
2019-06-09,428.0459999999997,674.721
2019-06-10,1213.5590000000013,652.8919999999998
2019-06-11,929.8379999999996,551.6410000000001
2019-06-12,1215.5259999999994,571.9870000000009
2019-06-13,779.5189999999993,914.5060000000009
2019-06-14,1183.0210000000004,1582.8310000000008
2019-06-15,927.2819999999997,817.789
2019-06-16,654.8859999999999,1276.3210000000001
2019-06-17,903.3009999999998,611.9549999999997
2019-06-18,780.6890000000002,1064.693999999999
2019-06-19,1356.57,587.7360000000003
2019-06-20,460.5199999999998,787.7450000000015
2019-06-21,672.3279999999999,1218.4569999999997
2019-06-22,769.7320000000003,1472.249
2019-06-23,814.8270000000002,481.2889999999993
2019-06-24,1079.5959999999995,214.1399999999997
2019-06-25,1310.6369999999997,1272.0870000000002
2019-06-26,1612.881,741.4830000000002
2019-06-27,942.3309999999996,562.3419999999994
2019-06-28,1306.3590000000002,1981.6099999999992
2019-06-29,965.8240000000002,927.3849999999995
2019-06-30,715.688,390.1129999999995
2019-07-01,878.4309999999997,545.0659999999992
2019-07-02,990.2249999999998,18.044999999999995
2019-07-03,1149.9100000000003,832.267000000009
2019-07-04,892.3709999999996,1099.6750000000013
2019-07-05,1252.1579999999997,1217.072999999999
2019-07-06,1134.7159999999997,414.16999999999916
2019-07-07,907.2880000000008,817.341999999999
2019-07-08,1018.5659999999999,643.9399999999999
2019-07-09,1327.3159999999984,1415.7089999999998
2019-07-10,1595.1029999999998,1450.7479999999998
2019-07-11,1101.8199999999995,1766.5359999999994
2019-07-12,889.2960000000005,1793.3949999999998
2019-07-13,361.3919999999997,1821.7710000000004
2019-07-14,973.9370000000005,1124.4869999999996
2019-07-15,966.5519999999989,1309.5419999999997
2019-07-16,818.4309999999994,563.1579999999992
2019-07-17,1317.880000000006,1483.701000000001
2019-07-18,467.77500000000043,1004.3890000000005
2019-07-19,678.8980000000004,1592.5650000000003
2019-07-20,415.92399999999975,921.9340000000008
2019-07-21,440.0050000000005,1216.6670000000006
2019-07-22,936.1050000000004,786.1800000000001
2019-07-23,1155.6590000000003,1263.0159999999996
2019-07-24,873.2519999999995,734.4940000000005
2019-07-25,504.8759999999994,605.6960000000001
2019-07-26,1051.0460000000003,1038.1660000000004
2019-07-27,1230.9319999999996,1470.7019999999995
2019-07-28,905.7240000000007,388.7429999999995
2019-07-29,446.63000000000034,448.5939999999993
2019-07-30,922.9949999999994,517.7070000000003
2019-07-31,942.5329999999996,804.5969999999994
2019-08-01,833.6239999999997,463.8099999999998
2019-08-02,716.8129999999999,773.0720000000005
2019-08-03,656.7419999999998,1597.8169999999996
2019-08-04,665.4790000000005,495.7119999999999
2019-08-05,869.5160000000001,472.46399999999966
2019-08-06,1765.0729999999999,869.6630000000002
2019-08-07,850.0219999999994,619.279
2019-08-08,950.344,1305.4689999999996
2019-08-09,1197.0870000000011,877.935
2019-08-10,1106.597000000001,596.0160000000005
2019-08-11,560.0559999999997,1353.7520000000002
2019-08-12,731.0080000000002,723.7259999999999
2019-08-13,622.6839999999996,660.8200000000012
2019-08-14,1087.6780000000003,1258.4949999999994
2019-08-15,1495.4899999999996,716.7729999999995
2019-08-16,688.814,1345.7169999999992
2019-08-17,1220.6150000000007,1423.5320000000006
2019-08-18,806.0690000000001,503.9000000000001
2019-08-19,1176.4930000000002,686.7050000000012
2019-08-20,449.24099999999964,1449.712
2019-08-21,966.6610000000002,782.839
2019-08-22,838.6799999999998,709.0580000000014
2019-08-23,629.4250000000004,558.534
2019-08-24,1226.4560000000001,1129.1320000000046
2019-08-25,421.3299999999994,527.8190000000002
2019-08-26,916.9430000000004,355.826
2019-08-27,885.0380000000004,531.1460000000004
2019-08-28,694.5060000000012,491.8429999999999
2019-08-29,1884.875,1679.8130000000006
2019-08-30,621.2650000000001,720.1060000000007
2019-08-31,756.3309999999994,1087.416000000001
2019-09-01,471.63099999999986,1665.6990000000003
2019-09-02,480.36999999999915,1585.7439999999995
2019-09-03,759.6399999999996,562.1370000000005
2019-09-04,885.0310000000002,606.488000000001
2019-09-05,917.8060000000007,1477.984000000001
2019-09-06,902.48,1890.2279999999994
2019-09-07,582.8079999999997,2321.386
2019-09-08,502.20900000000006,398.6390000000002
2019-09-09,845.0739999999996,409.1799999999997
2019-09-10,538.2940000000002,1595.8510000000003
2019-09-11,743.1440000000008,660.1430000000015
2019-09-12,1259.6509999999994,1460.466
2019-09-13,1126.8090000000002,614.7810000000001
2019-09-14,966.4310000000003,382.05699999999956
2019-09-15,600.8270000000005,351.0149999999999
2019-09-16,932.2720000000005,1589.5070000000005
2019-09-17,994.272,1215.207
2019-09-18,1024.363,503.97700000000066
2019-09-19,1730.2199999999998,2161.491999999999
2019-09-20,1055.2129999999997,927.6809999999995
2019-09-21,1249.598000000001,824.5250000000002
2019-09-22,844.0239999999995,3107.4269999999988
2019-09-23,1065.0690000000013,567.7509999999995
2019-09-24,1047.082000000001,1244.7410000000011
2019-09-25,691.7460000000007,616.1629999999993
2019-09-26,1250.598999999997,576.6219999999994
2019-09-27,1221.5220000000013,502.74599999999947
2019-09-28,1100.1770000000006,1154.023000000006
2019-09-29,1272.9669999999996,618.4310000000012
2019-09-30,1242.4869999999992,745.3069999999989
2019-10-01,987.5020000000012,551.9570000000008
2019-10-02,1305.95,532.4499999999998
2019-10-03,712.8839999999997,1958.8750000000123
2019-10-04,1201.8230000000046,694.2150000000014
2019-10-05,1213.5979999999945,1208.9179999999997
2019-10-06,1668.6419999999955,427.38200000000035
2019-10-07,1391.959000000021,542.7710000000001
2019-10-08,814.9770000000022,774.143
2019-10-09,1363.4280000000022,334.6290000000002
2019-10-10,805.3750000000001,227.76200000000009
2019-10-11,1030.5879999999997,969.998999999999
2019-10-12,186.428,455.14500000000015
2019-10-13,504.5679999999997,572.8349999999992
2019-10-14,1279.881,1690.4429999999984
2019-10-15,1220.7010000000002,1421.9380000000012
2019-10-16,1003.7859999999995,996.7530000000008
2019-10-17,1204.6430000000018,1616.849000000004
2019-10-18,1336.9369999999997,1260.2419999999986
2019-10-19,881.6979999999992,1344.3110000000017
2019-10-20,1699.9150000000104,1431.298000000008
2019-10-21,1102.970000000001,1123.3289999999997
2019-10-22,1389.7930000000033,1135.5040000000104
2019-10-23,1712.5680000000598,1928.4710000000152
2019-10-24,932.5560000000005,3711.6680000000893
2019-10-25,1221.6450000000004,1675.0459999999994
2019-10-26,648.9820000000007,652.3810000000008
2019-10-27,403.0129999999996,469.46000000000026
2019-10-28,532.7180000000009,522.0799999999997
2019-10-29,502.04199999999975,563.6989999999996
2019-10-30,509.64999999999964,478.4660000000002
2019-10-31,745.7850000000018,626.7429999999998
2019-11-01,843.5620000000018,747.4099999999997
2019-11-02,616.9319999999997,755.9859999999999
2019-11-03,254.86200000000002,632.3409999999996
2019-11-04,589.6159999999999,705.3690000000009
2019-11-05,918.9840000000004,652.6420000000006
2019-11-06,1087.293999999989,534.2230000000004
2019-11-07,1220.7470000000046,1329.5650000000007
2019-11-08,831.1370000000027,715.5899999999998
2019-11-09,1047.5010000000007,1615.0800000000072
2019-11-10,560.5229999999997,763.8439999999994
2019-11-11,665.9910000000006,587.9980000000003
2019-11-12,1200.6409999999992,1055.9289999999983
2019-11-13,640.8490000000006,662.7780000000009
2019-11-14,695.7979999999999,608.2650000000011
2019-11-15,789.9020000000019,463.56899999999973
2019-11-16,765.6060000000022,1095.8059999999998
2019-11-17,576.983,675.9990000000003
2019-11-18,775.7110000000001,655.1539999999999
2019-11-19,1399.3710000000046,678.6229999999997
2019-11-20,886.9969999999987,714.1339999999993
2019-11-21,644.6600000000011,701.5649999999997
2019-11-22,1059.706000000003,753.2979999999994
2019-11-23,936.2389999999999,3361.9550000000227
2019-11-24,516.9480000000005,1183.0540000000049
2019-11-25,845.5150000000035,534.6
2019-11-26,837.8750000000007,748.260000000001
2019-11-27,972.1620000000074,727.3459999999988
2019-11-28,1432.6970000000113,1968.2250000000015
2019-11-29,822.4360000000013,575.9369999999997
2019-11-30,846.7300000000007,607.066
2019-12-01,590.670000000001,523.3449999999998
2019-12-02,1379.6349999999954,660.3750000000006
2019-12-03,909.0829999999988,1375.8570000000002
2019-12-04,989.0639999999969,763.8570000000002
2019-12-05,991.9249999999943,512.8650000000004
2019-12-06,889.9350000000018,826.4249999999984
2019-12-07,476.2149999999994,1172.343
2019-12-08,1009.8340000000027,376.26000000000056
2019-12-09,1111.9319999999943,434.1420000000003
2019-12-10,1021.3500000000048,656.8609999999992
2019-12-11,666.4910000000018,718.1960000000009
2019-12-12,1276.373000000016,706.7069999999997
2019-12-13,1259.8560000000025,708.4829999999994
2019-12-14,918.9270000000009,523.4089999999995
2019-12-15,446.72099999999915,742.2739999999997
2019-12-16,675.1289999999995,818.1629999999991
2019-12-17,940.1650000000055,505.7150000000005
2019-12-18,708.5549999999978,760.857
2019-12-19,1637.6950000000077,715.0909999999998
2019-12-20,544.9849999999989,680.9290000000002
2019-12-21,1185.2959999999944,857.282
2019-12-22,606.7069999999981,987.4689999999999
2019-12-23,1248.4589999999985,580.508
2019-12-24,477.56100000000026,576.6609999999995
2019-12-25,663.2200000000065,427.8859999999999
2019-12-26,1318.1640000000111,518.2520000000009
2019-12-27,853.3630000000014,
2019-12-28,658.8199999999994,
2019-12-29,463.28800000000086,
2019-12-30,752.759000000001,
2019-12-31,746.2460000000071,
2020-01-02,84.26399999999998,
