endDate,stand_alex,stand_james,exercise_alex,exercise_james,activeEnergy_alex,activeEnergy_james
2015-10-12,2.0,,6.0,,84.64400000000005,
2015-10-13,16.0,,35.0,,538.3210000000003,
2015-10-14,14.0,,49.0,,747.4359999999994,
2015-10-15,14.0,,29.0,,408.75099999999946,
2015-10-16,15.0,,95.0,,838.4009999999993,
2015-10-17,17.0,,109.0,,1175.248,
2015-10-18,15.0,,42.0,,505.98299999999983,
2015-10-19,14.0,,31.0,,408.18200000000013,
2015-10-20,13.0,,32.0,,423.1389999999994,
2015-10-21,16.0,,61.0,,580.3969999999996,
2015-10-22,14.0,,31.0,,440.74400000000014,
2015-10-23,15.0,,93.0,,827.2220000000003,
2015-10-24,17.0,,93.0,,784.6599999999994,
2015-10-25,14.0,,32.0,,502.45299999999946,
2015-10-26,16.0,,34.0,,423.2450000000002,
2015-10-27,14.0,,51.0,,605.8999999999997,
2015-10-28,16.0,,33.0,,490.60199999999963,
2015-10-29,18.0,,31.0,,479.39899999999983,
2015-10-30,17.0,,61.0,,686.7560000000004,
2015-10-31,19.0,,84.0,,797.1139999999997,
2015-11-01,15.0,,45.0,,496.0900000000002,
2015-11-02,15.0,,48.0,,493.7799999999999,
2015-11-03,16.0,,43.0,,694.0890000000003,
2015-11-04,16.0,,36.0,,429.21599999999984,
2015-11-05,18.0,,30.0,,456.791,
2015-11-06,14.0,,32.0,,431.62000000000006,
2015-11-07,9.0,,52.0,,504.89799999999985,
2015-11-08,13.0,,47.0,,471.115,
2015-11-09,18.0,,35.0,,468.3179999999995,
2015-11-10,14.0,,48.0,,613.8880000000001,
2015-11-11,13.0,,44.0,,483.45099999999985,
2015-11-12,16.0,,39.0,,491.09500000000014,
2015-11-13,16.0,,50.0,,664.6039999999995,
2015-11-14,14.0,,55.0,,697.4319999999992,
2015-11-15,14.0,,50.0,,616.9719999999983,
2015-11-16,17.0,,37.0,,470.15400000000005,
2015-11-17,16.0,,48.0,,737.0689999999997,
2015-11-18,13.0,,31.0,,461.38400000000036,
2015-11-19,16.0,,39.0,,553.3189999999993,
2015-11-20,16.0,,31.0,,539.3780000000007,
2015-11-21,17.0,,80.0,,828.5210000000004,
2015-11-22,19.0,,36.0,,580.9889999999984,
2015-11-23,16.0,,44.0,,505.1,
2015-11-24,11.0,,56.0,,497.5029999999994,
2015-11-25,16.0,,75.0,,769.302999999999,
2015-11-26,18.0,,108.0,,1165.0779999999995,
2015-11-27,13.0,,68.0,,679.245999999999,
2015-11-28,11.0,,29.0,,356.62899999999934,
2015-11-29,16.0,,42.0,,516.1699999999993,
2015-11-30,16.0,,13.0,,332.49599999999975,
2015-12-01,16.0,,15.0,,339.82099999999963,
2015-12-02,13.0,,39.0,,491.73399999999947,
2015-12-03,14.0,,74.0,,1034.0999999999997,
2015-12-04,16.0,,44.0,,557.5899999999989,
2015-12-05,17.0,,28.0,,457.74899999999883,
2015-12-06,15.0,,20.0,,418.9690000000003,
2015-12-07,17.0,,27.0,,450.1210000000002,
2015-12-08,15.0,,22.0,,406.452,
2015-12-09,18.0,,26.0,,493.2749999999997,
2015-12-10,17.0,,43.0,,508.9970000000001,
2015-12-11,17.0,,75.0,,857.6030000000003,
2015-12-12,17.0,,27.0,,494.74299999999977,
2015-12-13,14.0,,56.0,,569.2359999999996,
2015-12-14,15.0,,20.0,,419.0219999999996,
2015-12-15,18.0,,38.0,,534.2,
2015-12-16,17.0,,36.0,,457.11800000000017,
2015-12-17,9.0,,46.0,,481.977,
2015-12-18,17.0,,124.0,,939.7189999999997,
2015-12-19,12.0,,40.0,,461.2899999999994,
2015-12-20,16.0,,75.0,,628.9929999999994,
2015-12-21,16.0,,21.0,,412.4830000000002,
2015-12-22,16.0,,33.0,,486.87999999999886,
2015-12-23,14.0,,31.0,,426.06599999999946,
2015-12-24,12.0,,27.0,,371.1009999999991,
2015-12-25,12.0,,46.0,,471.61299999999915,
2015-12-26,18.0,,91.0,,833.6209999999996,
2015-12-27,17.0,,100.0,,884.1379999999998,
2015-12-28,16.0,,27.0,,416.1719999999996,
2015-12-29,15.0,,59.0,,892.7349999999999,
2015-12-30,14.0,,25.0,,420.7289999999995,
2015-12-31,15.0,,92.0,,798.4459999999988,
2016-01-01,13.0,,125.0,,992.8279999999972,
2016-01-02,15.0,,78.0,,823.2049999999998,
2016-01-03,16.0,,23.0,,481.07399999999916,
2016-01-04,17.0,,28.0,,467.60599999999937,
2016-01-05,15.0,,34.0,,503.5380000000001,
2016-01-06,14.0,,48.0,,753.3189999999993,
2016-01-07,13.0,,13.0,,312.8439999999996,
2016-01-08,16.0,,62.0,,719.1999999999987,
2016-01-09,16.0,,38.0,,489.9619999999999,
2016-01-10,15.0,,63.0,,697.2379999999971,
2016-01-11,18.0,,23.0,,430.7569999999997,
2016-01-12,16.0,,84.0,,899.7949999999997,
2016-01-13,18.0,,37.0,,533.7899999999985,
2016-01-14,18.0,,35.0,,479.0389999999995,
2016-01-15,13.0,,33.0,,458.29499999999985,
2016-01-16,9.0,,44.0,,452.9999999999997,
2016-01-17,18.0,,45.0,,646.5550000000005,
2016-01-18,14.0,,24.0,,412.4119999999997,
2016-01-19,17.0,,67.0,,656.5559999999995,
2016-01-20,14.0,,73.0,,854.5049999999999,
2016-01-21,17.0,,21.0,,428.082,
2016-01-22,13.0,,29.0,,373.8689999999993,
2016-01-23,14.0,,85.0,,711.7750000000003,
2016-01-24,10.0,,41.0,,466.2069999999988,
2016-01-25,12.0,,50.0,,500.0149999999993,
2016-01-26,14.0,,66.0,,588.9990000000003,
2016-01-27,15.0,,37.0,,413.2699999999994,
2016-01-28,15.0,,23.0,,413.61,
2016-01-29,17.0,,40.0,,540.9149999999995,
2016-01-30,13.0,,31.0,,399.46999999999946,
2016-01-31,20.0,,29.0,,520.0979999999997,
2016-02-01,16.0,,25.0,,381.27999999999946,
2016-02-02,14.0,,30.0,,396.06900000000036,
2016-02-03,15.0,,30.0,,455.7240000000006,
2016-02-04,13.0,,52.0,,694.7060000000008,
2016-02-05,17.0,,37.0,,563.4009999999993,
2016-02-06,17.0,,19.0,,400.26199999999926,
2016-02-07,19.0,,56.0,,590.5690000000013,
2016-02-08,16.0,,37.0,,481.1939999999997,
2016-02-09,13.0,,20.0,,372.3149999999995,
2016-02-10,16.0,,15.0,,352.0749999999999,
2016-02-11,17.0,,34.0,,431.47499999999985,
2016-02-12,13.0,,48.0,,623.6379999999998,
2016-02-13,18.0,,25.0,,427.47100000000006,
2016-02-14,15.0,,46.0,,539.3639999999989,
2016-02-15,17.0,,51.0,,509.4709999999994,
2016-02-16,16.0,,42.0,,483.77299999999946,
2016-02-17,15.0,,21.0,,416.836000000001,
2016-02-18,14.0,,27.0,,454.01800000000077,
2016-02-19,17.0,,40.0,,500.2060000000008,
2016-02-20,15.0,,65.0,,682.2259999999999,
2016-02-21,15.0,,58.0,,569.3669999999979,
2016-02-22,15.0,,37.0,,440.88200000000063,
2016-02-23,16.0,,37.0,,480.14599999999916,
2016-02-24,15.0,,39.0,,418.4560000000008,
2016-02-25,17.0,,39.0,,474.99499999999983,
2016-02-26,16.0,,79.0,,631.7390000000005,
2016-02-27,14.0,,97.0,,760.335,
2016-02-28,14.0,,57.0,,578.6070000000002,
2016-02-29,18.0,,44.0,,502.6979999999994,
2016-03-01,15.0,,31.0,,438.7680000000012,
2016-03-02,17.0,,52.0,,550.0180000000007,
2016-03-03,17.0,,48.0,,643.1969999999985,
2016-03-04,13.0,,57.0,,675.7080000000002,
2016-03-05,7.0,,21.0,,305.6080000000003,
2016-03-06,14.0,,113.0,,869.1869999999997,
2016-03-07,18.0,,136.0,,1070.5729999999992,
2016-03-08,13.0,,106.0,,765.5029999999983,
2016-03-09,12.0,,57.0,,612.6299999999967,
2016-03-10,15.0,,92.0,,793.6340000000009,
2016-03-11,14.0,,102.0,,896.7030000000009,
2016-03-12,18.0,,109.0,,883.6600000000009,
2016-03-13,16.0,,101.0,,801.8589999999944,
2016-03-14,8.0,,11.0,,232.04499999999985,
2016-03-15,17.0,,25.0,,438.3899999999999,
2016-03-16,11.0,,17.0,,271.6970000000005,
2016-03-17,13.0,,22.0,,318.45100000000036,
2016-03-18,18.0,,70.0,,701.3210000000007,
2016-03-19,16.0,,97.0,,756.7659999999997,
2016-03-20,14.0,,49.0,,536.2299999999987,
2016-03-21,16.0,,34.0,,406.55600000000015,
2016-03-22,13.0,,24.0,,419.132,
2016-03-23,15.0,,28.0,,335.3489999999996,
2016-03-24,12.0,,38.0,,443.0089999999996,
2016-03-25,16.0,,82.0,,620.1640000000002,
2016-03-26,13.0,,59.0,,533.849,
2016-03-27,13.0,,76.0,,629.694,
2016-03-28,16.0,,29.0,,393.1350000000004,
2016-03-29,12.0,,21.0,,341.8230000000008,
2016-03-30,15.0,,54.0,,516.4100000000002,
2016-03-31,12.0,,18.0,,357.36200000000053,
2016-04-01,17.0,,120.0,,795.1029999999981,
2016-04-02,14.0,,18.0,,382.10000000000076,
2016-04-03,14.0,,16.0,,298.0210000000006,
2016-04-04,15.0,,67.0,,615.1750000000009,
2016-04-05,14.0,,30.0,,427.8529999999994,
2016-04-06,12.0,,14.0,,299.8699999999997,
2016-04-07,13.0,,18.0,,321.9619999999996,
2016-04-08,15.0,,47.0,,458.48899999999986,
2016-04-09,9.0,,30.0,,272.83799999999985,
2016-04-10,10.0,,22.0,,255.34299999999985,
2016-04-11,15.0,,52.0,,481.1140000000004,
2016-04-12,16.0,,35.0,,418.90599999999984,
2016-04-13,17.0,,54.0,,486.4309999999999,
2016-04-14,16.0,,36.0,,451.3099999999997,
2016-04-15,14.0,,75.0,,661.454,
2016-04-16,15.0,,75.0,,590.5069999999997,
2016-04-17,14.0,,146.0,,1338.0400000000004,
2016-04-18,16.0,,32.0,,444.9680000000012,
2016-04-19,12.0,,24.0,,366.11900000000077,
2016-04-20,16.0,,27.0,,380.89000000000055,
2016-04-21,17.0,,26.0,,446.199,
2016-04-22,12.0,,71.0,,624.575,
2016-04-23,15.0,,124.0,,931.1289999999997,
2016-04-24,9.0,,28.0,,295.6669999999993,
2016-04-25,15.0,,97.0,,1111.8290000000004,
2016-04-26,15.0,,26.0,,375.409999999999,
2016-04-27,14.0,,60.0,,580.6190000000007,
2016-04-28,15.0,,15.0,,326.4979999999999,
2016-04-29,13.0,,43.0,,436.952,
2016-04-30,10.0,,109.0,,682.0579999999998,
2016-05-01,13.0,,74.0,,1542.6649999999975,
2016-05-02,16.0,,41.0,,512.441,
2016-05-03,17.0,,85.0,,718.1909999999997,
2016-05-04,16.0,,30.0,,452.2959999999998,
2016-05-05,14.0,,41.0,,515.0470000000005,
2016-05-06,16.0,,81.0,,666.949,
2016-05-07,12.0,,28.0,,465.7110000000001,
2016-05-08,11.0,,11.0,,316.089,
2016-05-09,15.0,,20.0,,358.1110000000004,
2016-05-10,17.0,,73.0,,615.5760000000008,
2016-05-11,13.0,,37.0,,1413.5309999999995,
2016-05-12,15.0,,20.0,,310.21099999999933,
2016-05-13,17.0,,62.0,,680.6310000000004,
2016-05-14,15.0,,27.0,,446.5519999999994,
2016-05-15,13.0,,32.0,,332.0759999999996,
2016-05-16,14.0,,26.0,,373.95999999999947,
2016-05-17,17.0,,22.0,,323.61299999999915,
2016-05-18,14.0,,35.0,,434.92100000000005,
2016-05-19,16.0,,36.0,,1007.0399999999997,
2016-05-20,17.0,,66.0,,611.5750000000003,
2016-05-21,13.0,,81.0,,611.2050000000012,
2016-05-22,13.0,,76.0,,567.0570000000001,
2016-05-23,13.0,,89.0,,1047.8969999999993,
2016-05-24,14.0,,9.0,,311.62999999999937,
2016-05-25,11.0,,9.0,,337.0599999999985,
2016-05-26,14.0,,36.0,,497.4579999999997,
2016-05-27,9.0,,21.0,,304.36099999999936,
2016-05-28,8.0,,42.0,,353.66499999999945,
2016-05-29,13.0,,80.0,,675.4060000000012,
2016-05-30,13.0,,48.0,,489.194999999999,
2016-05-31,15.0,,24.0,,402.0579999999997,
2016-06-01,18.0,,26.0,,464.1259999999994,
2016-06-02,16.0,,30.0,,407.6809999999993,
2016-06-03,15.0,,66.0,,704.9510000000008,
2016-06-04,12.0,,99.0,,741.4850000000008,
2016-06-05,12.0,,18.0,,340.17599999999925,
2016-06-06,16.0,,39.0,,379.10799999999927,
2016-06-07,17.0,,73.0,,710.8439999999997,
2016-06-08,16.0,,14.0,,327.70899999999995,
2016-06-09,14.0,,69.0,,606.2400000000004,
2016-06-10,15.0,,32.0,,453.7709999999989,
2016-06-11,3.0,,4.0,,42.27900000000001,
2016-06-12,8.0,,43.0,,365.91599999999977,
2016-06-13,17.0,,44.0,,469.01000000000016,
2016-06-14,16.0,,20.0,,498.6259999999994,
2016-06-15,18.0,,48.0,,530.6249999999997,
2016-06-16,16.0,,43.0,,609.4799999999993,
2016-06-17,13.0,,38.0,,358.56599999999975,
2016-06-18,8.0,,19.0,,266.72999999999973,
2016-06-19,9.0,,3.0,,175.8769999999998,
2016-06-20,16.0,,25.0,,375.48700000000014,
2016-06-21,14.0,,17.0,,311.0989999999999,
2016-06-22,15.0,,97.0,,696.1560000000003,
2016-06-23,16.0,,24.0,,426.3909999999997,
2016-06-24,14.0,,48.0,,528.4689999999994,
2016-06-25,8.0,,34.0,,382.85499999999985,
2016-06-26,10.0,,11.0,,221.26399999999919,
2016-06-27,15.0,,47.0,,474.6279999999999,
2016-06-28,13.0,,23.0,,371.20600000000013,
2016-06-29,18.0,,47.0,,559.3180000000001,
2016-06-30,14.0,,38.0,,466.8219999999994,
2016-07-01,16.0,,40.0,,591.2709999999997,
2016-07-02,10.0,,8.0,,295.5189999999992,
2016-07-03,14.0,,31.0,,364.6669999999988,
2016-07-04,5.0,,2.0,,87.49700000000001,
2016-07-05,12.0,,16.0,,318.5319999999995,
2016-07-06,18.0,,37.0,,566.7230000000002,
2016-07-07,16.0,,57.0,,570.6439999999999,
2016-07-08,14.0,,55.0,,606.2749999999986,
2016-07-09,15.0,,33.0,,424.1969999999993,
2016-07-10,13.0,,34.0,,391.1839999999984,
2016-07-11,13.0,,33.0,,365.6859999999997,
2016-07-12,16.0,,53.0,,534.1149999999993,
2016-07-13,13.0,,23.0,,395.0289999999998,
2016-07-14,16.0,,36.0,,465.8039999999994,
2016-07-15,17.0,,18.0,,480.6850000000002,
2016-07-16,10.0,,100.0,,637.5619999999992,
2016-07-17,9.0,,19.0,,283.1289999999988,
2016-07-18,17.0,,34.0,,477.8239999999994,
2016-07-19,17.0,,26.0,,469.61300000000006,
2016-07-20,17.0,,97.0,,1031.1230000000003,
2016-07-21,18.0,,34.0,,507.7619999999996,
2016-07-22,20.0,,76.0,,759.5059999999997,
2016-07-23,11.0,,14.0,,407.6239999999987,
2016-07-24,11.0,,19.0,,256.06600000000003,
2016-07-25,15.0,,43.0,,415.8939999999995,
2016-07-26,16.0,,14.0,,421.25199999999967,
2016-07-27,15.0,,14.0,,358.2129999999996,
2016-07-28,15.0,,29.0,,446.6499999999984,
2016-07-29,16.0,,43.0,,575.3699999999992,
2016-07-30,10.0,,17.0,,193.62499999999986,
2016-07-31,11.0,,34.0,,319.23,
2016-08-01,14.0,,54.0,,482.2199999999997,
2016-08-02,12.0,,13.0,,302.79699999999923,
2016-08-03,16.0,,40.0,,565.7519999999996,
2016-08-04,15.0,,57.0,,461.61099999999885,
2016-08-05,17.0,,59.0,,602.9279999999992,
2016-08-06,15.0,,80.0,,695.8689999999992,
2016-08-07,13.0,,20.0,,243.23899999999983,
2016-08-08,13.0,,52.0,,490.85199999999895,
2016-08-09,12.0,,39.0,,524.0609999999995,
2016-08-10,14.0,,29.0,,494.75899999999865,
2016-08-11,16.0,,69.0,,598.3380000000012,
2016-08-12,14.0,,99.0,,639.7369999999999,
2016-08-13,16.0,,60.0,,631.8420000000018,
2016-08-14,13.0,,13.0,,353.4819999999993,
2016-08-15,15.0,,42.0,,469.70899999999915,
2016-08-16,15.0,,9.0,,320.0769999999992,
2016-08-17,14.0,,12.0,,367.45299999999975,
2016-08-18,16.0,,38.0,,481.1319999999993,
2016-08-19,18.0,,93.0,,871.4769999999997,
2016-08-20,14.0,,105.0,,832.7990000000004,
2016-08-21,16.0,,65.0,,587.3759999999992,
2016-08-22,15.0,,10.0,,320.90599999999944,
2016-08-23,13.0,,16.0,,385.65899999999925,
2016-08-24,13.0,,4.0,,260.29599999999937,
2016-08-25,12.0,,21.0,,360.50299999999913,
2016-08-26,14.0,,43.0,,547.6409999999996,
2016-08-27,10.0,,13.0,,309.3069999999994,
2016-08-28,8.0,,22.0,,285.96799999999934,
2016-08-29,13.0,,75.0,,640.9669999999994,
2016-08-30,13.0,,58.0,,510.82499999999845,
2016-08-31,10.0,,8.0,,287.02499999999964,
2016-09-01,14.0,,14.0,,374.98599999999885,
2016-09-02,16.0,,26.0,,506.7989999999994,
2016-09-03,9.0,,3.0,,195.70299999999975,
2016-09-04,14.0,,58.0,,566.0219999999989,
2016-09-05,10.0,,13.0,,310.6259999999985,
2016-09-06,13.0,,9.0,,294.42099999999937,
2016-09-07,14.0,,59.0,,536.7019999999993,
2016-09-08,15.0,,23.0,,391.2149999999993,
2016-09-09,20.0,,62.0,,640.1630000000004,
2016-09-10,6.0,,21.0,,144.52999999999986,
2016-09-11,6.0,,3.0,,165.13899999999953,
2016-09-12,14.0,,5.0,,297.7149999999991,
2016-09-13,12.0,,19.0,,339.0859999999997,
2016-09-14,14.0,,33.0,,454.1499999999994,
2016-09-15,17.0,,28.0,,417.31399999999945,
2016-09-16,15.0,,55.0,,568.0629999999986,
2016-09-17,16.0,,33.0,,465.59599999999983,
2016-09-18,10.0,,34.0,,322.0450000000002,
2016-09-19,16.0,,34.0,,490.2889999999988,
2016-09-20,16.0,,28.0,,408.78799999999984,
2016-09-21,16.0,,27.0,,490.5709999999987,
2016-09-22,15.0,,29.0,,473.85299999999876,
2016-09-23,17.0,,51.0,,615.146999999999,
2016-09-24,10.0,,7.0,,228.747,
2016-09-25,9.0,,13.0,,215.38299999999973,
2016-09-26,16.0,,77.0,,654.5819999999992,
2016-09-27,14.0,,92.0,,692.8139999999994,
2016-09-28,17.0,,98.0,,761.4679999999989,
2016-09-29,16.0,,97.0,,714.8009999999996,
2016-09-30,16.0,,86.0,,624.5279999999992,
2016-10-01,13.0,,51.0,,527.1069999999993,
2016-10-02,13.0,,108.0,,709.6259999999992,
2016-10-03,15.0,,97.0,,700.1769999999992,
2016-10-04,16.0,,91.0,,737.0549999999994,
2016-10-05,14.0,,12.0,,259.41199999999947,
2016-10-06,12.0,,16.0,,313.3869999999996,
2016-10-07,14.0,,48.0,,616.9769999999975,
2016-10-08,16.0,,47.0,,534.3990000000001,
2016-10-09,11.0,,10.0,,201.3389999999989,
2016-10-10,13.0,,93.0,,669.1889999999996,
2016-10-11,17.0,,97.0,,800.3629999999997,
2016-10-12,15.0,,87.0,,696.6159999999995,
2016-10-13,14.0,,98.0,,729.4259999999994,
2016-10-14,17.0,,47.0,,540.5070000000002,
2016-10-15,12.0,,44.0,,454.61999999999983,
2016-10-16,7.0,,2.0,,161.15099999999978,
2016-10-17,15.0,,92.0,,680.2049999999995,
2016-10-18,16.0,,94.0,,612.2699999999992,
2016-10-19,14.0,,107.0,,733.1889999999994,
2016-10-20,12.0,,94.0,,661.3689999999989,
2016-10-21,17.0,,111.0,,879.0269999999998,
2016-10-22,12.0,,111.0,,804.4769999999994,
2016-10-23,13.0,,36.0,,384.37399999999917,
2016-10-24,14.0,,103.0,,767.6069999999994,
2016-10-25,13.0,,99.0,,699.5489999999994,
2016-10-26,14.0,,101.0,,664.9029999999991,
2016-10-27,12.0,,106.0,,713.1129999999994,
2016-10-28,15.0,,78.0,,664.7479999999998,
2016-10-29,14.0,,95.0,,783.3220000000032,
2016-10-30,13.0,,14.0,,249.1409999999996,
2016-10-31,15.0,,113.0,,764.0889999999993,
2016-11-01,12.0,,104.0,,652.3079999999992,
2016-11-02,13.0,,122.0,,795.5199999999995,
2016-11-03,13.0,,61.0,,627.0299999999986,
2016-11-04,7.0,,25.0,,247.20599999999973,
2016-11-05,7.0,,29.0,,250.66599999999974,
2016-11-06,13.0,,58.0,,472.47299999999916,
2016-11-07,14.0,,112.0,,739.5939999999997,
2016-11-08,16.0,,52.0,,486.5689999999994,
2016-11-09,15.0,,101.0,,674.0969999999998,
2016-11-10,15.0,,101.0,,856.4069999999996,
2016-11-11,16.0,,70.0,,615.8559999999992,
2016-11-12,7.0,,67.0,,576.6419999999993,
2016-11-13,10.0,,75.0,,611.6439999999999,
2016-11-14,16.0,,112.0,,916.9909999999996,
2016-11-15,13.0,,104.0,,818.4959999999992,
2016-11-16,14.0,,113.0,,870.136999999999,
2016-11-17,15.0,,119.0,,880.4689999999996,
2016-11-18,16.0,,109.0,,862.8709999999992,
2016-11-19,13.0,,114.0,,877.3379999999997,
2016-11-20,10.0,,32.0,,364.16699999999963,
2016-11-21,16.0,,118.0,,969.0339999999992,
2016-11-22,14.0,,20.0,,306.1419999999997,
2016-11-23,11.0,,32.0,,358.069,
2016-11-24,12.0,,8.0,,229.146,
2016-11-25,13.0,,20.0,,287.67599999999965,
2016-11-26,13.0,,32.0,,392.3999999999993,
2016-11-27,10.0,,45.0,,420.7639999999996,
2016-11-28,15.0,,102.0,,819.5229999999992,
2016-11-29,14.0,,101.0,,800.2339999999998,
2016-11-30,15.0,,115.0,,823.2069999999992,
2016-12-01,15.0,,135.0,,927.9829999999994,
2016-12-02,16.0,,58.0,,695.0619999999988,
2016-12-03,16.0,,48.0,,709.0210000000006,
2016-12-04,12.0,,33.0,,373.605,
2016-12-05,14.0,,154.0,,1128.3109999999995,
2016-12-06,15.0,,177.0,,1161.7409999999995,
2016-12-07,16.0,,160.0,,1221.3949999999998,
2016-12-08,14.0,,112.0,,1012.2809999999997,
2016-12-09,16.0,,42.0,,550.1479999999983,
2016-12-10,13.0,,26.0,,387.13199999999983,
2016-12-11,11.0,,18.0,,251.4469999999997,
2016-12-12,17.0,,175.0,,1275.5469999999993,
2016-12-13,11.0,,20.0,,355.992,
2016-12-14,1.0,,,,16.865999999999996,
2016-12-15,15.0,,34.0,,484.2979999999997,
2016-12-16,17.0,,54.0,,680.895,
2016-12-17,15.0,,54.0,,588.398,
2016-12-18,15.0,,49.0,,557.2170000000007,
2016-12-19,16.0,,149.0,,1153.1159999999988,
2016-12-20,12.0,,107.0,,789.7109999999992,
2016-12-21,15.0,,42.0,,541.7869999999999,
2016-12-22,9.0,,30.0,,285.4299999999997,
2016-12-23,8.0,,17.0,,316.4789999999998,
2016-12-24,12.0,,18.0,,354.3499999999998,
2016-12-25,13.0,,45.0,,471.94999999999936,
2016-12-26,15.0,,40.0,,496.1379999999994,
2016-12-27,13.0,,45.0,,487.7909999999978,
2016-12-28,9.0,,35.0,,402.81299999999976,
2016-12-29,11.0,,38.0,,485.5129999999979,
2016-12-30,13.0,,49.0,,437.28199999999947,
2016-12-31,14.0,,59.0,,609.5690000000004,
2017-01-01,12.0,,65.0,,690.9440000000003,
2017-01-02,6.0,,9.0,,229.22999999999942,
2017-01-03,14.0,,114.0,,877.0569999999993,
2017-01-04,18.0,,124.0,,942.0339999999987,
2017-01-05,18.0,,52.0,,615.3600000000004,
2017-01-06,16.0,,69.0,,699.9120000000011,
2017-01-07,15.0,,59.0,,571.2390000000001,
2017-01-08,10.0,,42.0,,404.62599999999986,
2017-01-09,18.0,,115.0,,852.6409999999988,
2017-01-10,11.0,,33.0,,398.650999999999,
2017-01-11,14.0,,119.0,,891.0989999999989,
2017-01-12,16.0,,90.0,,744.6839999999994,
2017-01-13,14.0,,63.0,,655.5320000000016,
2017-01-14,11.0,,31.0,,390.98099999999937,
2017-01-15,14.0,,116.0,,1018.7840000000014,
2017-01-16,9.0,,16.0,,237.6679999999998,
2017-01-17,15.0,,38.0,,398.78799999999967,
2017-01-18,14.0,,99.0,,777.5969999999992,
2017-01-19,16.0,,38.0,,620.4870000000002,
2017-01-20,15.0,,112.0,,768.5659999999997,
2017-01-21,14.0,,121.0,,896.1389999999997,
2017-01-22,15.0,,104.0,,986.4619999999992,
2017-01-23,13.0,,96.0,,796.8529999999995,
2017-01-24,15.0,,92.0,,688.7129999999989,
2017-01-25,15.0,,20.0,,437.03799999999916,
2017-01-26,13.0,,37.0,,516.8239999999994,
2017-01-27,14.0,,110.0,,867.2519999999997,
2017-01-28,10.0,,72.0,,552.8419999999996,
2017-01-29,11.0,,52.0,,512.1189999999993,
2017-01-30,14.0,,128.0,,935.8939999999997,
2017-01-31,16.0,,104.0,,821.0799999999997,
2017-02-01,16.0,,75.0,,749.37,
2017-02-02,14.0,,35.0,,379.74499999999847,
2017-02-03,15.0,,32.0,,485.60899999999964,
2017-02-04,14.0,,63.0,,639.2780000000001,
2017-02-05,16.0,,45.0,,535.4209999999996,
2017-02-06,16.0,,108.0,,798.3279999999997,
2017-02-07,13.0,,112.0,,894.8489999999996,
2017-02-08,14.0,,105.0,,813.9349999999989,
2017-02-09,15.0,,85.0,,786.9719999999994,
2017-02-10,13.0,,31.0,,461.81399999999985,
2017-02-11,11.0,,16.0,,378.971999999999,
2017-02-12,8.0,,8.0,,245.95499999999973,
2017-02-13,17.0,,130.0,,1032.1769999999988,
2017-02-14,13.0,,111.0,,807.7929999999992,
2017-02-15,16.0,,30.0,,509.11799999999926,
2017-02-16,16.0,,177.0,,1327.1749999999988,
2017-02-17,11.0,,25.0,,432.9399999999993,
2017-02-18,12.0,,97.0,,795.7889999999999,
2017-02-19,12.0,,64.0,,511.29299999999984,
2017-02-20,16.0,,181.0,,1239.504999999999,
2017-02-21,13.0,,34.0,,451.64799999999946,
2017-02-22,16.0,,172.0,,1262.4219999999993,
2017-02-23,17.0,,52.0,,546.1999999999994,
2017-02-24,10.0,,89.0,,643.4809999999998,
2017-02-25,8.0,,39.0,,388.37699999999995,
2017-02-26,18.0,,113.0,,859.7739999999997,
2017-02-27,17.0,,133.0,,1085.6409999999996,
2017-02-28,13.0,,33.0,,434.1009999999994,
2017-03-01,14.0,,95.0,,815.9359999999997,
2017-03-02,12.0,,37.0,,507.6609999999991,
2017-03-03,15.0,,47.0,,540.6239999999998,
2017-03-04,15.0,,38.0,,434.6599999999996,
2017-03-05,13.0,,12.0,,240.0469999999999,
2017-03-06,15.0,,49.0,,503.61400000000003,
2017-03-07,15.0,,37.0,,477.09899999999914,
2017-03-08,12.0,,15.0,,371.0189999999997,
2017-03-09,12.0,,29.0,,421.5319999999994,
2017-03-10,14.0,,46.0,,511.4289999999993,
2017-03-17,15.0,,75.0,,704.3000000000006,
2017-03-18,13.0,,34.0,,448.82,
2017-03-19,12.0,,12.0,,278.39900000000006,
2017-03-20,12.0,,22.0,,388.0479999999994,
2017-03-21,13.0,,61.0,,670.5629999999996,
2017-03-22,15.0,,36.0,,583.7579999999988,
2017-03-23,17.0,,101.0,,790.9219999999997,
2017-03-24,14.0,,63.0,,737.8329999999994,
2017-03-25,11.0,,33.0,,344.52000000000015,
2017-03-26,13.0,,17.0,,284.7439999999992,
2017-03-27,15.0,,92.0,,743.6959999999997,
2017-03-28,14.0,,16.0,,426.01599999999996,
2017-03-29,18.0,,36.0,,548.3609999999992,
2017-03-30,13.0,,29.0,,529.5520000000001,
2017-03-31,14.0,,30.0,,438.6389999999989,
2017-04-01,13.0,,28.0,,382.3189999999992,
2017-04-02,4.0,,8.0,,97.85200000000003,
2017-04-03,15.0,,120.0,,897.1639999999994,
2017-04-04,14.0,,83.0,,650.3529999999994,
2017-04-05,15.0,,26.0,,485.14799999999985,
2017-04-06,17.0,,87.0,,709.1859999999992,
2017-04-07,15.0,,47.0,,659.6000000000003,
2017-04-08,10.0,,32.0,,526.3779999999997,
2017-04-09,15.0,,58.0,,582.7330000000004,
2017-04-10,15.0,,26.0,,457.09399999999977,
2017-04-11,9.0,,78.0,,756.9549999999997,
2017-04-12,16.0,,31.0,,554.9559999999999,
2017-04-13,16.0,,31.0,,449.90099999999984,
2017-04-14,15.0,,68.0,,619.5799999999991,
2017-04-15,11.0,,60.0,,512.1839999999997,
2017-04-16,15.0,,25.0,,501.3679999999995,
2017-04-17,14.0,,159.0,,1251.9249999999993,
2017-04-18,13.0,,27.0,,397.2289999999994,
2017-04-19,17.0,,31.0,,471.40900000000016,
2017-04-20,15.0,,24.0,,389.9039999999997,
2017-04-21,17.0,,57.0,,679.5129999999995,
2017-04-22,13.0,,109.0,,723.2460000000018,
2017-04-23,12.0,,120.0,,754.2880000000009,
2017-04-24,15.0,,176.0,,1208.936999999999,
2017-04-25,15.0,,17.0,,391.9099999999993,
2017-04-26,18.0,,23.0,,520.2199999999993,
2017-04-27,17.0,,30.0,,533.9569999999986,
2017-04-28,18.0,,33.0,,527.3899999999987,
2017-04-29,11.0,,41.0,,398.01499999999913,
2017-04-30,13.0,,18.0,,306.68499999999943,
2017-05-01,15.0,,30.0,,448.7259999999997,
2017-05-02,17.0,,112.0,,845.1089999999997,
2017-05-03,17.0,,47.0,,593.8379999999985,
2017-05-04,17.0,,66.0,,734.6620000000012,
2017-05-05,17.0,,101.0,,895.8420000000016,
2017-05-06,13.0,,131.0,,854.7759999999997,
2017-05-07,13.0,,11.0,,288.2329999999992,
2017-05-08,15.0,,126.0,,1016.9019999999997,
2017-05-09,14.0,,32.0,,455.6499999999997,
2017-05-10,16.0,,39.0,,624.1200000000017,
2017-05-11,17.0,,102.0,,758.9559999999989,
2017-05-12,14.0,,43.0,,551.5520000000001,
2017-05-13,15.0,,102.0,,771.1740000000017,
2017-05-14,14.0,,44.0,,435.05499999999887,
2017-05-15,15.0,,36.0,,410.7859999999993,
2017-05-16,16.0,,41.0,,512.9609999999989,
2017-05-17,15.0,,29.0,,444.901999999999,
2017-05-18,15.0,,40.0,,508.1199999999992,
2017-05-19,16.0,,56.0,,590.6680000000002,
2017-05-20,10.0,,24.0,,326.9149999999997,
2017-05-21,13.0,,33.0,,437.50399999999917,
2017-05-22,13.0,,62.0,,548.5889999999993,
2017-05-23,11.0,,11.0,,332.19799999999884,
2017-05-24,14.0,,13.0,,373.80499999999984,
2017-05-25,15.0,,89.0,,725.260000000001,
2017-05-26,16.0,,88.0,,714.957000000001,
2017-05-27,7.0,,12.0,,180.31699999999992,
2017-05-28,8.0,,17.0,,319.2589999999996,
2017-05-29,10.0,,19.0,,424.6059999999987,
2017-05-30,13.0,,9.0,,249.52399999999926,
2017-05-31,15.0,,38.0,,523.4319999999997,
2017-06-01,11.0,,48.0,,490.7599999999998,
2017-06-02,15.0,,56.0,,677.8430000000006,
2017-06-03,4.0,,3.0,,21.525999999999986,
2017-06-04,7.0,,87.0,,523.8379999999994,
2017-06-05,15.0,,45.0,,450.1989999999996,
2017-06-06,14.0,,45.0,,464.23000000000013,
2017-06-07,13.0,,32.0,,479.84999999999945,
2017-06-08,11.0,,45.0,,397.06199999999944,
2017-06-09,15.0,,28.0,,467.00199999999876,
2017-06-10,14.0,,79.0,,698.0739999999997,
2017-06-11,10.0,,4.0,,228.77899999999968,
2017-06-12,14.0,,11.0,,312.5780000000001,
2017-06-13,15.0,,57.0,,511.309,
2017-06-14,16.0,,93.0,,712.5579999999997,
2017-06-15,14.0,,68.0,,645.054000000001,
2017-06-16,14.0,,39.0,,505.29299999999853,
2017-06-17,10.0,,76.0,,570.132000000001,
2017-06-18,14.0,,66.0,,541.8699999999997,
2017-06-19,9.0,,23.0,,273.86499999999995,
2017-06-20,14.0,,140.0,,1168.823,
2017-06-21,15.0,,51.0,,528.6880000000003,
2017-06-22,14.0,,61.0,,593.6530000000008,
2017-06-23,18.0,,80.0,,772.0919999999987,
2017-06-24,13.0,,100.0,,735.6480000000003,
2017-06-25,10.0,,63.0,,498.7399999999996,
2017-06-26,10.0,,20.0,,366.3459999999996,
2017-06-27,13.0,,72.0,,528.3899999999994,
2017-06-28,15.0,,45.0,,470.6930000000008,
2017-06-29,16.0,,69.0,,552.916999999999,
2017-06-30,14.0,,62.0,,637.4029999999975,
2017-07-01,11.0,,72.0,,588.6610000000002,
2017-07-02,9.0,,71.0,,487.49499999999983,
2017-07-03,13.0,,65.0,,607.0390000000001,
2017-07-04,17.0,,46.0,,495.12400000000036,
2017-07-05,13.0,,31.0,,367.16999999999985,
2017-07-06,14.0,,120.0,,873.2919999999998,
2017-07-07,13.0,,54.0,,610.7450000000006,
2017-07-08,12.0,,159.0,,1230.2709999999995,
2017-07-09,11.0,,40.0,,462.1100000000001,
2017-07-10,13.0,,77.0,,763.4070000000007,
2017-07-11,15.0,,92.0,,991.4600000000003,
2017-07-12,13.0,,26.0,,500.5449999999999,
2017-07-13,16.0,,86.0,,742.7820000000003,
2017-07-14,12.0,,51.0,,617.307,
2017-07-15,16.0,,141.0,,1477.5950000000007,
2017-07-16,15.0,,13.0,,259.5530000000003,
2017-07-17,15.0,,48.0,,513.3779999999998,
2017-07-18,13.0,,66.0,,615.388,
2017-07-19,13.0,,39.0,,677.7740000000008,
2017-07-20,14.0,,76.0,,779.2109999999989,
2017-07-21,16.0,,55.0,,649.4820000000016,
2017-07-22,12.0,,42.0,,520.2210000000006,
2017-07-23,13.0,,56.0,,512.9179999999997,
2017-07-24,16.0,,112.0,,905.4480000000003,
2017-07-25,18.0,,136.0,,1018.3520000000003,
2017-07-26,14.0,,44.0,,553.1260000000005,
2017-07-27,15.0,,86.0,,1293.5560000000028,
2017-07-28,17.0,,87.0,,860.0749999999991,
2017-07-29,7.0,,57.0,,349.98500000000024,
2017-07-30,6.0,,10.0,,217.84999999999994,
2017-07-31,13.0,,24.0,,486.696,
2017-08-01,15.0,,95.0,,949.6270000000006,
2017-08-02,15.0,,61.0,,716.7810000000011,
2017-08-03,16.0,,49.0,,655.539999999998,
2017-08-04,16.0,,45.0,,697.7300000000017,
2017-08-05,12.0,,138.0,,1086.7750000000003,
2017-08-06,15.0,,55.0,,582.8399999999996,
2017-08-07,16.0,,38.0,,483.35199999999975,
2017-08-08,17.0,,91.0,,859.3439999999996,
2017-08-09,13.0,,66.0,,755.1450000000003,
2017-08-10,15.0,,71.0,,1663.7190000000014,
2017-08-11,15.0,,34.0,,522.6599999999999,
2017-08-12,11.0,,91.0,,761.6459999999995,
2017-08-13,14.0,,35.0,,506.09800000000064,
2017-08-14,17.0,,44.0,,553.9390000000005,
2017-08-15,16.0,,34.0,,363.9759999999995,
2017-08-16,15.0,,49.0,,642.8310000000002,
2017-08-17,14.0,,65.0,,1142.8070000000002,
2017-08-18,16.0,,121.0,,1024.1509999999996,
2017-08-19,10.0,,55.0,,499.84500000000014,
2017-08-20,15.0,,45.0,,531.5589999999992,
2017-08-21,16.0,,103.0,,890.9060000000007,
2017-08-22,15.0,,93.0,,846.3709999999996,
2017-08-23,13.0,,30.0,,456.65500000000037,
2017-08-24,16.0,,185.0,,1398.005000000001,
2017-08-25,16.0,,74.0,,740.9580000000017,
2017-08-26,14.0,,60.0,,582.4389999999999,
2017-08-27,15.0,,38.0,,455.686,
2017-08-28,18.0,,60.0,,668.7779999999998,
2017-08-29,11.0,,94.0,,807.8240000000303,
2017-08-30,17.0,,42.0,,573.7050000000005,
2017-08-31,17.0,,35.0,,562.1779999999994,
2017-09-01,15.0,,71.0,,654.0599999999997,
2017-09-02,14.0,,148.0,,1169.0060000000005,
2017-09-03,13.0,,149.0,,1082.2159999999994,
2017-09-04,11.0,,143.0,,1094.4899999999998,
2017-09-05,13.0,,53.0,,570.0619999999998,
2017-09-06,15.0,,42.0,,566.5379999999998,
2017-09-07,15.0,,199.0,,1267.622999999999,
2017-09-08,18.0,,91.0,,913.8400000000007,
2017-09-09,13.0,,179.0,,1123.3979999999997,
2017-09-10,17.0,,100.0,,857.9220000000007,
2017-09-11,15.0,,193.0,,1532.2329999999995,
2017-09-12,12.0,,57.0,,553.886,
2017-09-13,15.0,,81.0,,709.6939999999997,
2017-09-14,13.0,,44.0,,471.01300000000015,
2017-09-15,12.0,,115.0,,1073.1300000000006,
2017-09-16,11.0,,111.0,,982.0869999999994,
2017-09-17,11.0,,52.0,,508.7270000000007,
2017-09-18,13.0,,46.0,,552.2960000000015,
2017-09-19,14.0,,77.0,,634.7070000000002,
2017-09-20,17.0,,119.0,,1033.9309999999996,
2017-09-21,15.0,,27.0,,490.55600000000084,
2017-09-22,14.0,,30.0,,554.0770000000006,
2017-09-23,12.0,,96.0,,872.4640000000003,
2017-09-24,13.0,,15.0,,392.40700000000055,
2017-09-25,11.0,,79.0,,808.4000000000008,
2017-09-26,15.0,,53.0,,701.3929999999997,
2017-09-27,15.0,,99.0,,938.5760000000013,
2017-09-28,16.0,,58.0,,648.3859999999999,
2017-09-29,15.0,,188.0,,1442.3310000000006,
2017-09-30,13.0,,37.0,,630.2009999999989,
2017-10-01,12.0,,27.0,,528.4410000000001,
2017-10-02,16.0,,51.0,,733.6209999999996,
2017-10-03,15.0,,106.0,,991.3440000000006,
2017-10-04,13.0,,47.0,,574.3340000000005,
2017-10-05,15.0,,38.0,,579.2780000000006,
2017-10-06,15.0,,35.0,,650.1459999999996,
2017-10-07,11.0,,16.0,,411.00299999999993,
2017-10-08,11.0,,53.0,,621.107,
2017-10-09,14.0,,32.0,,553.0039999999995,
2017-10-10,10.0,,10.0,,391.299,
2017-10-11,15.0,,93.0,,903.9530000000012,
2017-10-12,5.0,,12.0,,265.0129999999994,
2017-10-13,16.0,,46.0,,761.986000000001,
2017-10-14,11.0,,49.0,,614.424999999999,
2017-10-15,3.0,,2.0,,47.51400000000001,
2017-10-16,15.0,,46.0,,750.3230000000009,
2017-10-17,12.0,,47.0,,668.1079999999997,
2017-10-18,13.0,,31.0,,624.9930000000007,
2017-10-19,12.0,,29.0,,602.6809999999991,
2017-10-20,12.0,,31.0,,489.7419999999996,
2017-10-21,4.0,,17.0,,334.7110000000001,
2017-10-22,13.0,,48.0,,578.452,
2017-10-23,13.0,,25.0,,436.3449999999992,
2017-10-24,15.0,,80.0,,774.2869999999999,
2017-10-25,13.0,,27.0,,508.20100000000053,
2017-10-26,14.0,,55.0,,765.5820000000003,
2017-10-27,17.0,,60.0,,692.6709999999997,
2017-10-28,14.0,,60.0,,737.3909999999997,
2017-10-29,13.0,,26.0,,510.62000000000006,
2017-10-30,11.0,,20.0,,382.5119999999994,
2017-10-31,15.0,,97.0,,933.1089999999997,
2017-11-01,12.0,,81.0,,754.8940000000001,
2017-11-02,5.0,,9.0,,202.99399999999986,
2017-11-03,16.0,,43.0,,708.7969999999988,
2017-11-04,10.0,,17.0,,416.28200000000015,
2017-11-05,11.0,,30.0,,428.7230000000005,
2017-11-06,13.0,,103.0,,931.8810000000003,
2017-11-07,15.0,,31.0,,503.5939999999997,
2017-11-08,14.0,,35.0,,522.4140000000001,
2017-11-09,15.0,,132.0,,1109.3349999999994,
2017-11-10,12.0,,42.0,,565.5250000000004,
2017-11-11,13.0,,32.0,,584.7469999999997,
2017-11-12,11.0,,24.0,,358.7620000000006,
2017-11-13,14.0,,78.0,,807.6770000000004,
2017-11-14,14.0,,61.0,,719.465,
2017-11-15,12.0,,20.0,,563.4090000000008,
2017-11-16,11.0,,36.0,,562.2439999999996,
2017-11-17,14.0,,92.0,,912.3300000000007,
2017-11-18,12.0,,51.0,,597.4699999999992,
2017-11-19,8.0,,31.0,,387.5069999999996,
2017-11-20,8.0,,13.0,,448.7890000000006,
2017-11-21,12.0,,72.0,,804.2039999999997,
2017-11-22,16.0,,147.0,,1141.6319999999996,
2017-11-23,18.0,,112.0,,1153.4600000000028,
2017-11-24,16.0,,69.0,,841.2259999999997,
2017-11-25,11.0,,33.0,,536.0499999999995,
2017-11-26,10.0,,42.0,,573.0990000000005,
2017-11-27,16.0,,33.0,,555.4790000000007,
2017-11-28,12.0,,15.0,,382.8630000000005,
2017-11-29,15.0,,40.0,,579.6750000000002,
2017-11-30,15.0,,23.0,,471.58700000000107,
2017-12-01,15.0,,110.0,,914.2260000000003,
2017-12-02,12.0,,98.0,,959.8909999999997,
2017-12-03,8.0,,5.0,,282.1369999999995,
2017-12-04,13.0,,156.0,,1308.7609999999995,
2017-12-05,14.0,,175.0,,1298.1209999999996,
2017-12-06,14.0,,16.0,,453.9499999999993,
2017-12-07,13.0,,38.0,,576.2989999999992,
2017-12-08,15.0,,69.0,,776.331,
2017-12-09,17.0,,30.0,,653.5159999999986,
2017-12-10,7.0,,8.0,,245.8439999999995,
2017-12-11,16.0,,64.0,,960.6330000000003,
2017-12-12,14.0,,18.0,,473.9010000000005,
2017-12-13,16.0,,66.0,,922.5680000000008,
2017-12-14,12.0,,16.0,,483.40800000000013,
2017-12-15,11.0,,26.0,,547.445,
2017-12-16,11.0,,27.0,,424.28500000000014,
2017-12-17,6.0,,1.0,,260.3869999999995,
2017-12-18,15.0,,75.0,,1169.9930000000004,
2017-12-19,14.0,,21.0,,468.9230000000005,
2017-12-20,15.0,,35.0,,602.294,
2017-12-21,16.0,,18.0,,461.13400000000007,
2017-12-22,15.0,,96.0,,1180.3969999999995,
2017-12-23,8.0,,25.0,,431.0099999999995,
2017-12-24,15.0,,23.0,,445.58800000000053,
2017-12-25,13.0,,21.0,,393.02699999999993,
2017-12-26,14.0,,49.0,,707.9750000000005,
2017-12-27,12.0,,49.0,,551.7470000000003,
2017-12-28,15.0,,76.0,,967.023000000001,
2017-12-29,12.0,,39.0,,629.2590000000006,
2017-12-30,10.0,,14.0,,400.193,
2017-12-31,13.0,,27.0,,606.0450000000002,
2018-01-01,14.0,,12.0,,397.7449999999995,
2018-01-02,18.0,,81.0,,995.8100000000003,
2018-01-03,10.0,,82.0,,1046.9260000000002,
2018-01-04,13.0,,23.0,,505.1719999999997,
2018-01-05,13.0,,28.0,,567.2710000000002,
2018-01-06,6.0,,24.0,,474.562,
2018-01-07,12.0,,30.0,,380.07600000000014,
2018-01-08,15.0,,85.0,,943.1479999999997,
2018-01-09,15.0,,37.0,,610.4170000000005,
2018-01-10,17.0,,30.0,,520.4730000000002,
2018-01-11,12.0,,22.0,,489.2510000000008,
2018-01-12,15.0,,58.0,,742.7710000000004,
2018-01-13,13.0,,40.0,,572.8069999999997,
2018-01-14,8.0,,16.0,,432.1830000000006,
2018-01-15,12.0,,18.0,,321.6850000000001,
2018-01-16,16.0,,100.0,,1083.5320000000004,
2018-01-17,13.0,,81.0,,912.1400000000003,
2018-01-18,14.0,,22.0,,504.7719999999998,
2018-01-19,16.0,,62.0,,771.0920000000001,
2018-01-20,10.0,,62.0,,834.2060000000004,
2018-01-21,9.0,,43.0,,484.4819999999999,
2018-01-22,14.0,,42.0,,562.5269999999998,
2018-01-23,14.0,,72.0,,926.453,
2018-01-24,13.0,,42.0,,559.3609999999999,
2018-01-25,14.0,,100.0,,1324.56,
2018-01-26,15.0,,67.0,,750.0730000000012,
2018-01-27,17.0,,36.0,,615.6040000000004,
2018-01-28,9.0,,34.0,,589.694000000001,
2018-01-29,14.0,,33.0,,509.952,
2018-01-30,15.0,,29.0,,522.9299999999996,
2018-01-31,9.0,,65.0,,915.4270000000004,
2018-02-01,13.0,,34.0,,511.31900000000036,
2018-02-02,14.0,,102.0,,1203.5950000000016,
2018-02-03,14.0,,61.0,,772.3959999999995,
2018-02-04,12.0,,32.0,,632.4799999999993,
2018-02-05,12.0,,18.0,,425.6090000000002,
2018-02-06,16.0,,48.0,,630.8950000000012,
2018-02-07,13.0,,77.0,,990.9700000000012,
2018-02-08,13.0,,96.0,,1058.1299999999997,
2018-02-09,15.0,,40.0,,689.1570000000014,
2018-02-10,8.0,,86.0,,1112.8050000000007,
2018-02-11,13.0,,61.0,,712.1129999999994,
2018-02-12,16.0,,96.0,,1041.4879999999996,
2018-02-13,12.0,,43.0,,550.9219999999996,
2018-02-14,15.0,,119.0,,1190.4750000000004,
2018-02-15,15.0,,81.0,,775.3500000000003,
2018-02-16,15.0,,74.0,,828.9320000000008,
2018-02-17,10.0,,66.0,,1195.6920000000007,
2018-02-18,14.0,,46.0,,571.08,
2018-02-19,15.0,,104.0,,1096.5000000000011,
2018-02-20,15.0,,93.0,,1042.3200000000004,
2018-02-21,17.0,,78.0,,951.711999999999,
2018-02-22,13.0,,95.0,,1310.2780000000007,
2018-02-23,11.0,,58.0,,776.0900000000012,
2018-02-24,11.0,,31.0,,565.4379999999994,
2018-02-25,10.0,,65.0,,580.856000000001,
2018-02-26,16.0,,40.0,,561.7760000000005,
2018-02-27,12.0,,98.0,,1091.816,
2018-02-28,13.0,,31.0,,632.2940000000021,
2018-03-01,13.0,,35.0,,552.2540000000007,
2018-03-02,16.0,,50.0,,632.0890000000004,
2018-03-03,15.0,,59.0,,698.9059999999993,
2018-03-04,13.0,,25.0,,406.6569999999999,
2018-03-05,13.0,,86.0,,1202.2220000000004,
2018-03-06,10.0,,60.0,,625.0309999999997,
2018-03-07,15.0,,101.0,,1156.138,
2018-03-08,14.0,,63.0,,702.0829999999997,
2018-03-09,12.0,,40.0,,620.0009999999997,
2018-03-10,12.0,,27.0,,517.7300000000004,
2018-03-11,13.0,,21.0,,433.4730000000001,
2018-03-12,14.0,,88.0,,1010.645,
2018-03-13,13.0,,34.0,,520.5669999999999,
2018-03-14,13.0,,161.0,,1411.9499999999994,
2018-03-15,15.0,,42.0,,686.9749999999998,
2018-03-16,15.0,,40.0,,665.8039999999999,
2018-03-17,15.0,,65.0,,801.0670000000008,
2018-03-18,11.0,,14.0,,376.20499999999925,
2018-03-19,15.0,,55.0,,641.4310000000005,
2018-03-20,11.0,,32.0,,456.21099999999984,
2018-03-21,17.0,,195.0,,1646.9110000000005,
2018-03-22,16.0,,90.0,,1113.6019999999996,
2018-03-23,15.0,,97.0,,1149.3180000000002,
2018-03-24,12.0,,130.0,,1682.5049999999994,
2018-03-25,14.0,,84.0,,720.8989999999997,
2018-03-26,10.0,,26.0,,385.1449999999994,
2018-03-27,15.0,,38.0,,505.4799999999997,
2018-03-28,11.0,,31.0,,485.91499999999985,
2018-03-29,14.0,,51.0,,617.6670000000009,
2018-03-30,12.0,,30.0,,526.8289999999997,
2018-03-31,12.0,,14.0,,366.5140000000002,
2018-04-01,11.0,,21.0,,352.6300000000003,
2018-04-02,15.0,,78.0,,863.2839999999994,
2018-04-03,12.0,,32.0,,507.98999999999984,
2018-04-04,13.0,,13.0,,404.2139999999995,
2018-04-05,13.0,,92.0,,848.3509999999997,
2018-04-06,15.0,,49.0,,686.2080000000002,
2018-04-07,13.0,,37.0,,700.8969999999997,
2018-04-08,13.0,,26.0,,417.8799999999993,
2018-04-09,12.0,,69.0,,1063.1540000000002,
2018-04-10,13.0,,65.0,,614.5210000000009,
2018-04-11,15.0,,32.0,,530.0510000000002,
2018-04-12,13.0,,40.0,,654.2280000000007,
2018-04-13,10.0,,24.0,,547.283,
2018-04-14,9.0,,81.0,,1079.067,
2018-04-15,6.0,,4.0,,188.50299999999993,
2018-04-16,12.0,,57.0,,701.0240000000006,
2018-04-17,12.0,,73.0,,872.6900000000003,
2018-04-18,14.0,,54.0,,675.7489999999998,
2018-04-19,14.0,,68.0,,713.0690000000004,
2018-04-20,14.0,,60.0,,695.0449999999989,
2018-04-21,11.0,,145.0,,1072.5190000000011,
2018-04-22,12.0,,51.0,,538.4370000000004,
2018-04-23,14.0,,66.0,,732.0770000000001,
2018-04-24,15.0,,57.0,,708.5419999999996,
2018-04-25,16.0,,40.0,,648.4539999999996,
2018-04-26,15.0,,47.0,,656.8070000000001,
2018-04-27,14.0,,95.0,,1231.138,
2018-04-28,9.0,,91.0,,1131.3479999999995,
2018-04-29,10.0,,17.0,,422.96,
2018-04-30,16.0,,71.0,,750.4630000000003,
2018-05-01,15.0,,36.0,,574.6549999999999,
2018-05-02,14.0,,79.0,,969.7549999999997,
2018-05-03,14.0,,92.0,,707.6919999999999,
2018-05-04,15.0,,73.0,,776.2800000000008,
2018-05-05,9.0,,75.0,,544.1119999999996,
2018-05-06,15.0,,7.0,,348.20799999999986,
2018-05-07,12.0,,70.0,,680.0480000000006,
2018-05-08,13.0,,95.0,,813.5000000000003,
2018-05-09,15.0,,43.0,,623.9900000000006,
2018-05-10,14.0,,92.0,,1089.6989999999994,
2018-05-11,14.0,,48.0,,650.5820000000001,
2018-05-12,13.0,,80.0,,736.060000000001,
2018-05-13,14.0,,32.0,,526.7779999999998,
2018-05-14,14.0,,69.0,,702.4190000000012,
2018-05-15,12.0,,60.0,,629.7490000000001,
2018-05-16,16.0,,97.0,,1060.6820000000007,
2018-05-17,13.0,,63.0,,770.3380000000003,
2018-05-18,12.0,,100.0,,995.3530000000001,
2018-05-19,14.0,,41.0,,615.86,
2018-05-20,10.0,,45.0,,540.4760000000001,
2018-05-21,13.0,,64.0,,656.5510000000005,
2018-05-22,15.0,,80.0,,743.4079999999997,
2018-05-23,15.0,,60.0,,741.6350000000003,
2018-05-24,10.0,,99.0,,984.145,
2018-05-25,14.0,,68.0,,861.8009999999997,
2018-05-26,9.0,,19.0,,311.8139999999999,
2018-05-27,15.0,,151.0,,1177.3210000000004,
2018-05-28,9.0,,50.0,,440.51600000000036,
2018-05-29,12.0,,49.0,,659.6070000000009,
2018-05-30,14.0,,83.0,,1023.8499999999997,
2018-05-31,13.0,,94.0,,1070.741,
2018-06-01,16.0,,75.0,,846.9139999999996,
2018-06-02,15.0,,55.0,,743.6559999999997,
2018-06-03,8.0,,27.0,,369.7839999999998,
2018-06-04,16.0,,121.0,,1301.0830000000014,
2018-06-05,13.0,,89.0,,1011.7190000000003,
2018-06-06,12.0,,56.0,,750.5099999999996,
2018-06-07,16.0,,39.0,,758.8560000000003,
2018-06-08,14.0,,56.0,,771.0059999999999,
2018-06-09,12.0,,30.0,,563.4039999999998,
2018-06-10,14.0,,13.0,,542.4019999999991,
2018-06-11,14.0,,18.0,,515.6729999999997,
2018-06-12,12.0,,46.0,,642.9429999999992,
2018-06-13,16.0,,89.0,,929.6980000000008,
2018-06-14,15.0,,83.0,,864.4090000000001,
2018-06-15,15.0,,100.0,,864.9520000000005,
2018-06-16,12.0,,67.0,,661.1839999999985,
2018-06-17,14.0,,26.0,,438.3909999999997,
2018-06-18,14.0,,65.0,,783.4750000000008,
2018-06-19,13.0,,72.0,,725.6029999999995,
2018-06-20,14.0,,105.0,,1069.506,
2018-06-21,16.0,,80.0,,866.1899999999998,
2018-06-22,16.0,,90.0,,993.3579999999968,
2018-06-23,10.0,,34.0,,547.7119999999994,
2018-06-24,16.0,,70.0,,819.9460000000005,
2018-06-25,13.0,,56.0,,712.2309999999986,
2018-06-26,14.0,,51.0,,708.384999999999,
2018-06-27,15.0,,51.0,,689.893,
2018-06-28,14.0,,151.0,,1357.1769999999988,
2018-06-29,16.0,,83.0,,939.2179999999993,
2018-06-30,12.0,,65.0,,777.0679999999999,
2018-07-01,15.0,,53.0,,613.4130000000008,
2018-07-02,11.0,,106.0,,1078.4150000000004,
2018-07-03,13.0,,58.0,,586.3869999999997,
2018-07-04,16.0,,92.0,,878.3339999999984,
2018-07-05,16.0,,77.0,,927.9260000000003,
2018-07-06,11.0,,56.0,,670.138,
2018-07-07,8.0,,6.0,,204.64599999999984,
2018-07-08,13.0,,28.0,,402.2309999999996,
2018-07-09,14.0,,87.0,,1160.9759999999994,
2018-07-10,14.0,,32.0,,488.07500000000033,
2018-07-11,14.0,,27.0,,590.954999999999,
2018-07-12,11.0,,17.0,,342.535,
2018-07-13,12.0,,38.0,,533.1839999999997,
2018-07-14,9.0,,75.0,,719.4210000000003,
2018-07-15,15.0,,32.0,,469.5469999999994,
2018-07-16,13.0,,98.0,,1026.2010000000002,
2018-07-17,16.0,,57.0,,692.812,
2018-07-18,17.0,,43.0,,560.129,
2018-07-19,10.0,,63.0,,583.1339999999997,
2018-07-20,15.0,,49.0,,727.4069999999997,
2018-07-21,5.0,,17.0,,324.0619999999999,
2018-07-22,10.0,,30.0,,314.08299999999974,
2018-07-23,14.0,,137.0,,1452.976,
2018-07-24,13.0,,64.0,,607.8149999999998,
2018-07-25,15.0,,118.0,,895.7750000000002,
2018-07-26,12.0,,133.0,,1293.4840000000008,
2018-07-27,12.0,,58.0,,680.6869999999998,
2018-07-28,12.0,,36.0,,442.4149999999999,
2018-07-29,11.0,,12.0,,332.63,
2018-07-30,13.0,,126.0,,1192.8299999999995,
2018-07-31,11.0,,127.0,,1228.0029999999995,
2018-08-01,13.0,,104.0,,865.7209999999997,
2018-08-02,14.0,,67.0,,773.2030000000002,
2018-08-03,16.0,,108.0,,1178.5100000000011,
2018-08-04,14.0,,76.0,,780.47,
2018-08-05,8.0,,15.0,,362.2839999999996,
2018-08-06,15.0,,97.0,,883.7370000000003,
2018-08-07,13.0,,74.0,,659.3979999999996,
2018-08-08,13.0,,50.0,,636.8920000000003,
2018-08-09,11.0,,26.0,,357.6969999999996,
2018-08-10,15.0,,150.0,,1232.4799999999998,
2018-08-11,14.0,,207.0,,1634.6999999999996,
2018-08-12,7.0,,42.0,,395.10699999999963,
2018-08-13,14.0,,143.0,,1178.131999999999,
2018-08-14,15.0,,41.0,,498.23000000000013,
2018-08-15,15.0,,76.0,,684.3179999999992,
2018-08-16,10.0,,15.0,,396.28000000000014,
2018-08-17,11.0,,100.0,,1069.355,
2018-08-18,14.0,,89.0,,742.2029999999997,
2018-08-19,12.0,,22.0,,379.49,
2018-08-20,10.0,,130.0,,924.0159999999994,
2018-08-21,13.0,,106.0,,1087.4169999999997,
2018-08-22,13.0,,48.0,,534.9910000000003,
2018-08-23,14.0,,88.0,,865.3719999999997,
2018-08-24,15.0,,74.0,,736.1349999999994,
2018-08-25,16.0,,46.0,,679.6020000000005,
2018-08-26,10.0,,37.0,,383.6390000000002,
2018-08-27,12.0,,130.0,,1384.7890000000007,
2018-08-28,15.0,,105.0,,908.0250000000003,
2018-08-29,14.0,,36.0,,447.7029999999999,
2018-08-30,15.0,,128.0,,1022.643,
2018-08-31,13.0,,122.0,,875.8730000000003,
2018-09-01,4.0,,4.0,,97.47400000000002,
2018-09-02,8.0,,14.0,,309.1049999999999,
2018-09-03,6.0,,20.0,,198.02899999999974,
2018-09-04,12.0,,66.0,,536.1760000000005,
2018-09-05,12.0,,119.0,,1041.9639999999997,
2018-09-06,16.0,,75.0,,765.5369999999999,
2018-09-07,10.0,,60.0,,588.8909999999997,
2018-09-08,13.0,,68.0,,781.7299999999997,
2018-09-09,14.0,,93.0,,739.5690000000006,
2018-09-10,15.0,,96.0,,1231.9740000000015,
2018-09-11,15.0,,71.0,,712.0770000000009,
2018-09-12,11.0,,88.0,,724.5190000000001,
2018-09-13,11.0,,90.0,,840.8089999999997,
2018-09-14,14.0,,81.0,,734.1160000000003,
2018-09-15,17.0,,133.0,,1050.4659999999988,
2018-09-16,13.0,,56.0,,604.009999999999,
2018-09-17,11.0,,71.0,,893.1179999999998,
2018-09-18,11.0,,18.0,,418.99099999999993,
2018-09-19,14.0,,18.0,,376.8339999999995,
2018-09-20,13.0,,34.0,,498.101,
2018-09-21,15.0,,86.0,,1003.9769999999993,
2018-09-22,13.0,,99.0,,833.0460000000005,
2018-09-23,16.0,,129.0,,1154.2509999999995,
2018-09-24,12.0,,99.0,,879.6399999999995,
2018-09-25,13.0,,44.0,,603.3480000000002,2.8729999999999998
2018-09-26,15.0,,61.0,,782.3719999999997,
2018-09-27,16.0,,33.0,,586.0169999999998,
2018-09-28,15.0,,121.0,,1118.2030000000002,
2018-09-29,11.0,,64.0,,679.4510000000008,
2018-09-30,14.0,,98.0,,869.9009999999994,
2018-10-01,14.0,,75.0,,779.4280000000003,
2018-10-02,13.0,,11.0,,461.79600000000005,
2018-10-03,14.0,,52.0,,686.6369999999996,
2018-10-04,14.0,,44.0,,650.982,
2018-10-05,17.0,,68.0,,872.6100000000004,
2018-10-06,14.0,,47.0,,639.9400000000003,
2018-10-07,9.0,,3.0,,255.5649999999999,
2018-10-08,15.0,,117.0,,1242.844,
2018-10-09,16.0,,46.0,,686.5920000000002,
2018-10-10,13.0,,15.0,,374.3130000000001,
2018-10-11,14.0,,13.0,,385.25800000000015,
2018-10-12,17.0,,42.0,,818.2219999999994,
2018-10-13,16.0,,96.0,,989.0679999999996,
2018-10-14,9.0,,37.0,,465.7899999999997,
2018-10-15,13.0,,9.0,,405.58600000000035,
2018-10-16,14.0,,68.0,,806.057,
2018-10-17,17.0,,29.0,,599.7189999999998,
2018-10-18,17.0,,59.0,,791.7410000000008,
2018-10-19,14.0,,19.0,,472.8659999999994,
2018-10-20,8.0,,26.0,,442.2770000000003,
2018-10-21,15.0,,64.0,,658.6159999999996,
2018-10-22,16.0,,15.0,,448.35400000000004,
2018-10-23,12.0,,54.0,,833.9879999999997,
2018-10-24,16.0,,21.0,,500.7719999999995,
2018-10-25,16.0,,30.0,,592.2720000000003,
2018-10-26,16.0,,23.0,,659.4950000000008,
2018-10-27,10.0,,35.0,,557.5680000000001,
2018-10-28,12.0,,75.0,,594.6920000000008,
2018-10-29,15.0,,12.0,,446.58,
2018-10-30,15.0,,15.0,,467.38700000000017,
2018-10-31,16.0,,28.0,,500.42999999999984,
2018-11-01,12.0,,20.0,,451.65300000000013,
2018-11-02,13.0,,35.0,,627.8939999999994,
2018-11-03,13.0,,40.0,,626.9559999999992,
2018-11-04,9.0,,14.0,,313.85199999999975,
2018-11-05,13.0,,14.0,,450.29899999999947,
2018-11-06,14.0,,33.0,,553.6880000000003,
2018-11-07,17.0,,32.0,,582.5099999999992,
2018-11-08,14.0,,14.0,,394.6849999999997,
2018-11-09,12.0,,18.0,,508.56900000000013,
2018-11-10,13.0,,103.0,,1225.3760000000002,
2018-11-11,2.0,,,,18.226,
2018-11-12,14.0,,14.0,,508.774,
2018-11-13,17.0,,21.0,,535.1819999999997,
2018-11-14,17.0,,13.0,,467.9580000000003,
2018-11-15,14.0,,13.0,,454.08099999999985,
2018-11-16,14.0,24.0,43.0,,724.7809999999995,306.5539999999998
2018-11-17,6.0,23.0,26.0,,478.11099999999976,1188.0139999999994
2018-11-18,13.0,12.0,49.0,75.0,655.8379999999996,1073.7469999999958
2018-11-19,13.0,20.0,15.0,124.0,417.224,816.7120000000017
2018-11-20,12.0,14.0,33.0,25.0,429.3850000000001,626.0619999999998
2018-11-21,14.0,16.0,13.0,35.0,374.1979999999997,885.7969999999992
2018-11-22,10.0,14.0,20.0,107.0,460.8019999999997,1649.0409999999995
2018-11-23,9.0,14.0,36.0,46.0,500.246,859.7699999999996
2018-11-24,11.0,12.0,24.0,81.0,534.1449999999999,1100.488
2018-11-25,10.0,9.0,4.0,19.0,303.77100000000013,418.52400000000017
2018-11-26,16.0,15.0,30.0,13.0,479.6610000000002,646.8710000000002
2018-11-27,15.0,15.0,22.0,16.0,510.559,612.873
2018-11-28,13.0,14.0,32.0,17.0,496.9829999999994,609.413999999999
2018-11-29,15.0,17.0,19.0,92.0,447.2580000000003,1470.5309999999986
2018-11-30,14.0,17.0,27.0,35.0,562.4209999999997,830.6280000000003
2018-12-01,10.0,16.0,51.0,118.0,639.5009999999996,719.7759999999988
2018-12-02,9.0,14.0,42.0,58.0,392.07800000000015,602.3349999999998
2018-12-03,13.0,16.0,96.0,86.0,1051.819,585.8080000000011
2018-12-04,13.0,16.0,114.0,118.0,1201.3119999999994,1669.2099999999987
2018-12-05,13.0,14.0,38.0,18.0,549.661,612.137
2018-12-06,15.0,15.0,36.0,24.0,556.9380000000001,634.9600000000006
2018-12-07,15.0,19.0,73.0,99.0,803.7729999999996,718.4520000000006
2018-12-08,13.0,15.0,15.0,9.0,461.56900000000013,553.4780000000006
2018-12-09,11.0,12.0,40.0,43.0,558.191,776.4820000000003
2018-12-10,13.0,15.0,19.0,146.0,420.9139999999997,708.072000000001
2018-12-11,13.0,12.0,25.0,97.0,572.2769999999998,1650.0049999999987
2018-12-12,10.0,15.0,91.0,144.0,1056.1399999999992,700.6329999999997
2018-12-13,13.0,15.0,21.0,81.0,513.0969999999994,1246.9870000000005
2018-12-14,13.0,17.0,50.0,120.0,689.8749999999995,987.5339999999992
2018-12-15,10.0,15.0,77.0,50.0,671.2639999999997,831.249000000001
2018-12-16,15.0,16.0,67.0,32.0,656.786000000001,779.3929999999998
2018-12-17,14.0,17.0,79.0,36.0,723.8480000000003,735.0719999999991
2018-12-18,7.0,15.0,11.0,106.0,160.61099999999982,1518.6670000000008
2018-12-19,13.0,18.0,38.0,95.0,505.8400000000004,776.8749999999995
2018-12-20,15.0,13.0,32.0,19.0,526.2930000000007,541.7039999999996
2018-12-21,9.0,19.0,27.0,115.0,475.1049999999994,936.0150000000003
2018-12-22,7.0,13.0,32.0,100.0,505.79399999999987,1511.263
2018-12-23,5.0,12.0,28.0,77.0,446.98700000000014,1347.4350000000004
2018-12-24,10.0,18.0,13.0,77.0,467.81199999999984,713.8849999999986
2018-12-25,11.0,11.0,46.0,11.0,794.9450000000005,459.52499999999947
2018-12-26,14.0,15.0,62.0,81.0,925.1980000000003,653.41
2018-12-27,12.0,11.0,95.0,91.0,994.861,1393.5020000000002
2018-12-28,12.0,15.0,82.0,95.0,1346.5379999999996,1515.8779999999995
2018-12-29,13.0,15.0,26.0,17.0,611.319,534.5880000000009
2018-12-30,14.0,12.0,13.0,92.0,484.702,716.6040000000012
2018-12-31,11.0,15.0,28.0,81.0,692.5240000000001,683.6859999999989
2019-01-01,13.0,13.0,32.0,34.0,620.2390000000005,745.6350000000003
2019-01-02,13.0,13.0,96.0,25.0,1109.237,551.4239999999992
2019-01-03,16.0,16.0,46.0,114.0,827.2729999999997,1588.5539999999999
2019-01-04,14.0,16.0,36.0,82.0,831.4050000000002,735.1099999999991
2019-01-05,9.0,16.0,29.0,42.0,578.5029999999998,776.4919999999984
2019-01-06,11.0,14.0,38.0,105.0,595.3642999999997,619.1309999999988
2019-01-07,16.0,11.0,80.0,69.0,887.2190000000012,424.2469999999996
2019-01-08,15.0,16.0,63.0,106.0,648.4310000000005,1716.8190000000004
2019-01-09,15.0,14.0,93.0,98.0,1594.5070000000005,1543.138
2019-01-10,14.0,15.0,60.0,111.0,954.5899999999997,1847.016
2019-01-11,12.0,12.0,73.0,27.0,841.567,551.6760000000006
2019-01-12,15.0,17.0,38.0,124.0,1139.714000000001,769.7230000000002
2019-01-13,10.0,14.0,18.0,118.0,458.37900000000036,597.2309999999999
2019-01-14,14.0,18.0,82.0,100.0,1014.8090000000008,705.0349999999997
2019-01-15,13.0,16.0,45.0,111.0,776.2269999999997,1798.7610000000002
2019-01-16,17.0,16.0,69.0,64.0,1036.5500000000004,605.0580000000002
2019-01-17,15.0,12.0,31.0,109.0,649.6930000000001,1610.3490000000004
2019-01-18,6.0,17.0,54.0,200.0,571.1529999999998,2309.3719999999985
2019-01-19,14.0,11.0,107.0,157.0,1312.4279999999994,666.1460000000009
2019-01-20,11.0,15.0,86.0,45.0,1141.6899999999996,792.2270000000017
2019-01-21,13.0,16.0,80.0,106.0,985.3719999999997,513.4370000000001
2019-01-22,16.0,13.0,69.0,111.0,1059.0830000000003,1688.6319999999994
2019-01-23,16.0,18.0,181.0,100.0,1424.2969999999998,758.1319999999986
2019-01-24,14.0,13.0,39.0,26.0,607.3029999999985,627.0459999999985
2019-01-25,12.0,15.0,35.0,36.0,573.8130000000006,753.9179999999982
2019-01-26,14.0,18.0,31.0,160.0,661.4639999999999,1145.7059999999976
2019-01-27,14.0,13.0,71.0,108.0,762.5509999999996,507.26899999999983
2019-01-28,14.0,16.0,91.0,81.0,973.645,575.7060000000004
2019-01-29,14.0,15.0,20.0,88.0,488.3000000000003,775.9759999999983
2019-01-30,11.0,14.0,70.0,19.0,680.8940000000001,431.03300000000013
2019-01-31,13.0,14.0,33.0,44.0,522.775,825.0279999999992
2019-02-01,15.0,17.0,69.0,151.0,853.7340000000011,992.326
2019-02-02,13.0,14.0,140.0,90.0,1075.61,628.4369999999992
2019-02-03,15.0,15.0,47.0,75.0,614.2610000000002,564.5139999999992
2019-02-04,7.0,16.0,79.0,98.0,683.9429999999998,785.0369999999983
2019-02-05,12.0,16.0,63.0,110.0,659.6719999999998,1872.3319999999994
2019-02-06,13.0,14.0,101.0,28.0,851.6309999999995,615.235
2019-02-07,12.0,11.0,26.0,95.0,555.5009999999999,1432.755
2019-02-08,11.0,12.0,79.0,22.0,766.3649999999997,686.9839999999982
2019-02-09,14.0,13.0,17.0,34.0,449.72299999999984,808.3239999999979
2019-02-10,12.0,13.0,22.0,140.0,478.94699999999983,1602.9460000000006
2019-02-11,17.0,6.0,60.0,13.0,629.3989999999992,240.73300000000003
2019-02-12,12.0,9.0,72.0,80.0,769.6096899999997,977.0639999999994
2019-02-13,13.0,16.0,55.0,146.0,618.5599999999997,1483.4390000000046
2019-02-14,15.0,11.0,42.0,35.0,701.5379999999992,774.1260000000002
2019-02-15,13.0,9.0,109.0,62.0,946.914,914.6349999999994
2019-02-16,10.0,12.0,22.0,37.0,529.9479999999999,793.8299999999972
2019-02-17,12.0,11.0,139.0,11.0,921.0099999999996,450.5539999999987
2019-02-18,13.0,13.0,24.0,10.0,510.6229999999995,426.9809999999997
2019-02-19,14.0,14.0,22.0,33.0,459.9320000000006,716.0599999999989
2019-02-20,13.0,8.0,73.0,13.0,720.2380000000003,385.8439999999995
2019-02-21,12.0,16.0,55.0,42.0,699.9150000000003,801.119000000001
2019-02-22,13.0,15.0,20.0,34.0,473.967,733.4780000000011
2019-02-23,18.0,11.0,47.0,12.0,705.5149999999999,467.6850000000007
2019-02-24,11.0,15.0,26.0,20.0,473.7849999999994,459.9170000000002
2019-02-25,14.0,15.0,59.0,29.0,740.0050000000003,713.7320000000008
2019-02-26,14.0,13.0,56.0,112.0,668.4189999999999,1928.946
2019-02-27,16.0,14.0,124.0,33.0,1106.8000000000006,738.2130000000003
2019-02-28,17.0,16.0,53.0,55.0,706.2430000000012,968.3610000000003
2019-03-01,17.0,16.0,51.0,27.0,814.8720000000017,810.7810000000007
2019-03-02,10.0,16.0,58.0,43.0,538.1159999999999,878.2779999999996
2019-03-03,13.0,15.0,52.0,14.0,580.0400000000013,497.6329999999999
2019-03-04,14.0,14.0,81.0,32.0,1062.9160000000002,720.8799999999992
2019-03-05,15.0,15.0,11.0,34.0,457.7849999999994,783.2580000000005
2019-03-06,14.0,15.0,71.0,41.0,714.464000000001,765.5059999999999
2019-03-07,15.0,13.0,96.0,101.0,878.3210000000001,1508.9199999999994
2019-03-08,14.0,14.0,30.0,38.0,612.049999999999,784.8560000000003
2019-03-09,11.0,8.0,61.0,5.0,602.9580000000002,308.22300000000007
2019-03-10,10.0,11.0,29.0,18.0,575.1599999999997,514.2629999999991
2019-03-11,15.0,13.0,30.0,25.0,499.21300000000014,616.9209999999998
2019-03-12,14.0,17.0,74.0,126.0,990.4390000000006,2051.693000000001
2019-03-13,13.0,15.0,30.0,41.0,576.1449999999998,747.2940000000003
2019-03-14,13.0,16.0,70.0,105.0,745.1029999999997,1684.227
2019-03-15,15.0,19.0,27.0,94.0,514.8439999999998,863.5200000000003
2019-03-16,12.0,15.0,68.0,72.0,742.0299999999999,618.7580000000003
2019-03-17,16.0,12.0,29.0,17.0,546.9200000000003,434.6670000000008
2019-03-18,16.0,11.0,88.0,30.0,1003.848,650.7690000000001
2019-03-19,15.0,15.0,10.0,56.0,457.65599999999984,923.7009999999997
2019-03-20,14.0,14.0,65.0,66.0,955.4439999999997,1005.2460000000003
2019-03-21,14.0,16.0,44.0,106.0,537.2259999999999,1412.3560000000007
2019-03-22,17.0,18.0,113.0,97.0,1039.339,971.9900000000017
2019-03-23,10.0,3.0,82.0,37.0,637.5739999999993,335.02300000000014
2019-03-24,11.0,7.0,63.0,5.0,750.434,324.7030000000004
2019-03-25,16.0,14.0,105.0,63.0,1026.9500000000003,915.6940000000003
2019-03-26,15.0,14.0,49.0,49.0,554.7519999999992,767.7140000000011
2019-03-27,15.0,20.0,49.0,137.0,727.3810000000003,1116.0729999999983
2019-03-28,14.0,15.0,76.0,106.0,899.7859999999995,1615.4320000000016
2019-03-29,15.0,19.0,52.0,89.0,646.3440000000004,993.0630000000017
2019-03-30,15.0,8.0,118.0,25.0,873.4949999999997,423.7369999999997
2019-03-31,11.0,8.0,34.0,13.0,445.70899999999983,338.3490000000001
2019-04-01,15.0,13.0,101.0,35.0,1066.5739999999996,696.5889999999997
2019-04-02,15.0,10.0,72.0,27.0,816.66,613.9210000000003
2019-04-03,14.0,16.0,38.0,48.0,554.5889999999994,957.5760000000008
2019-04-04,14.0,18.0,138.0,75.0,1096.17,840.499999999999
2019-04-05,16.0,18.0,102.0,75.0,996.2370000000008,1300.2090000000035
2019-04-06,12.0,17.0,66.0,33.0,676.7419999999996,866.2260000000003
2019-04-07,13.0,14.0,58.0,92.0,534.9790000000003,1280.756000000001
2019-04-08,15.0,17.0,45.0,98.0,620.6250000000008,1288.7600000000011
2019-04-09,15.0,13.0,96.0,38.0,821.6269999999997,685.2879999999999
2019-04-10,12.0,14.0,25.0,26.0,466.24,622.9490000000002
2019-04-11,15.0,8.0,37.0,9.0,547.2779999999998,320.25300000000027
2019-04-12,16.0,16.0,89.0,38.0,899.4439999999997,751.3970000000003
2019-04-13,10.0,17.0,80.0,27.0,746.2970000000005,705.1090000000005
2019-04-14,13.0,16.0,66.0,103.0,623.1789999999999,1312.2590000000007
2019-04-15,13.0,16.0,47.0,83.0,776.172,776.8570000000008
2019-04-16,16.0,15.0,119.0,95.0,1258.122,1334.2900000000004
2019-04-17,16.0,17.0,75.0,52.0,773.0530000000008,946.8350000000007
2019-04-18,14.0,16.0,20.0,128.0,447.94899999999916,1893.3510000000006
2019-04-19,4.0,19.0,15.0,157.0,223.35500000000008,1420.2309999999993
2019-04-20,16.0,9.0,121.0,116.0,1346.9680000000014,1477.2710000000006
2019-04-21,15.0,13.0,82.0,21.0,813.4000000000004,593.2280000000007
2019-04-22,14.0,18.0,13.0,117.0,454.3529999999994,827.7460000000008
2019-04-23,16.0,15.0,13.0,129.0,515.5550000000004,1989.8770000000015
2019-04-24,16.0,20.0,65.0,146.0,801.6129999999997,972.617000000002
2019-04-25,11.0,15.0,60.0,72.0,682.1750000000004,976.0790000000003
2019-04-26,15.0,15.0,256.0,56.0,1642.0690000000022,957.5920000000017
2019-04-27,15.0,13.0,161.0,18.0,1101.6860000000006,472.15500000000117
2019-04-28,13.0,12.0,110.0,23.0,861.686,753.3630000000037
2019-04-29,12.0,10.0,106.0,30.0,949.5289999999992,574.7810000000002
2019-04-30,14.0,18.0,57.0,99.0,623.1880000000003,896.9670000000003
2019-05-01,12.0,15.0,69.0,51.0,699.5520000000009,892.8140000000022
2019-05-02,13.0,15.0,111.0,116.0,966.842,2123.0290000000005
2019-05-03,16.0,19.0,87.0,105.0,966.5590000000003,1071.3770000000031
2019-05-04,12.0,16.0,82.0,147.0,720.0000000000001,1300.5919999999996
2019-05-05,12.0,17.0,155.0,100.0,1076.8920000000003,1213.8030000000015
2019-05-06,15.0,16.0,78.0,46.0,789.7710000000003,783.4760000000003
2019-05-07,14.0,15.0,67.0,75.0,835.8630000000003,1220.2310000000011
2019-05-08,14.0,16.0,47.0,64.0,637.197,796.869000000002
2019-05-09,13.0,16.0,66.0,71.0,637.4009999999997,689.1119999999999
2019-05-10,15.0,20.0,93.0,103.0,942.1930000000003,946.3690000000017
2019-05-11,15.0,12.0,59.0,45.0,776.4620000000008,691.4300000000003
2019-05-12,13.0,17.0,52.0,87.0,682.9909999999992,1069.6480000000001
2019-05-13,15.0,16.0,49.0,86.0,732.0919999999995,1112.8539999999991
2019-05-14,16.0,13.0,55.0,162.0,668.5150000000001,2265.036000000001
2019-05-15,17.0,19.0,143.0,119.0,1527.208,834.6929999999999
2019-05-16,12.0,15.0,62.0,43.0,635.7519999999996,762.0440000000003
2019-05-17,12.0,19.0,82.0,81.0,814.9340000000002,768.5659999999996
2019-05-18,14.0,15.0,59.0,30.0,755.2590000000005,793.9630000000009
2019-05-19,9.0,12.0,8.0,28.0,320.87699999999955,532.4009999999995
2019-05-20,15.0,17.0,75.0,107.0,700.7940000000003,671.9280000000006
2019-05-21,17.0,14.0,53.0,17.0,678.5860000000004,560.7180000000009
2019-05-22,16.0,14.0,83.0,32.0,1128.2099999999996,676.5420000000007
2019-05-23,14.0,15.0,70.0,81.0,682.188,1629.7630000000006
2019-05-24,16.0,18.0,48.0,106.0,690.9669999999996,857.6040000000023
2019-05-25,14.0,3.0,140.0,5.0,1138.2530000000013,114.422
2019-05-26,10.0,,44.0,1.0,593.7329999999997,11.874
2019-05-27,11.0,15.0,21.0,61.0,490.76399999999984,511.07700000000006
2019-05-28,15.0,13.0,68.0,118.0,719.6949999999993,2005.771
2019-05-29,15.0,13.0,112.0,18.0,1467.096,544.7280000000001
2019-05-30,16.0,15.0,42.0,146.0,662.9800000000006,2195.976000000001
2019-05-31,15.0,17.0,98.0,72.0,1026.4490000000003,718.2079999999991
2019-06-01,15.0,15.0,129.0,151.0,1038.5330000000004,1712.7149999999995
2019-06-02,12.0,17.0,65.0,166.0,805.1500000000004,1547.1300000000006
2019-06-03,12.0,10.0,90.0,104.0,948.178,1367.9909999999988
2019-06-04,14.0,13.0,87.0,28.0,917.895,591.2349999999992
2019-06-05,15.0,14.0,190.0,25.0,1883.251,651.3710000000005
2019-06-06,16.0,17.0,67.0,23.0,917.0070000000012,741.3220000000008
2019-06-07,14.0,16.0,111.0,98.0,1117.2230000000004,1437.145
2019-06-08,16.0,15.0,85.0,98.0,1105.8640000000016,1593.168
2019-06-09,11.0,12.0,24.0,42.0,428.0459999999997,674.721
2019-06-10,16.0,12.0,101.0,32.0,1213.5590000000013,652.8919999999998
2019-06-11,15.0,16.0,90.0,26.0,929.8379999999997,551.6410000000002
2019-06-12,14.0,12.0,124.0,26.0,1215.5259999999996,571.9870000000009
2019-06-13,16.0,16.0,65.0,69.0,779.5189999999992,914.5060000000008
2019-06-14,14.0,17.0,111.0,113.0,1183.0210000000004,1582.8310000000006
2019-06-15,17.0,15.0,121.0,90.0,927.2819999999997,817.789
2019-06-16,13.0,15.0,51.0,138.0,654.8859999999999,1276.321
2019-06-17,15.0,17.0,79.0,116.0,903.3009999999997,611.9549999999998
2019-06-18,12.0,16.0,61.0,58.0,780.6890000000003,1064.6939999999988
2019-06-19,16.0,16.0,128.0,24.0,1356.57,587.7360000000002
2019-06-20,11.0,17.0,17.0,88.0,460.51999999999987,787.7450000000015
2019-06-21,16.0,15.0,40.0,81.0,672.3279999999999,1218.4569999999997
2019-06-22,14.0,17.0,59.0,110.0,769.7320000000003,1472.249
2019-06-23,12.0,13.0,90.0,24.0,814.8270000000003,481.2889999999993
2019-06-24,16.0,4.0,111.0,5.0,1079.5959999999998,214.1399999999997
2019-06-25,13.0,12.0,137.0,88.0,1310.6369999999995,1272.0870000000002
2019-06-26,14.0,17.0,157.0,69.0,1612.881,741.4830000000003
2019-06-27,14.0,11.0,92.0,26.0,942.3309999999997,562.3419999999994
2019-06-28,16.0,13.0,124.0,160.0,1306.3590000000004,1981.6099999999994
2019-06-29,13.0,11.0,103.0,65.0,965.8240000000003,927.3849999999996
2019-06-30,15.0,11.0,82.0,10.0,715.688,390.1129999999995
2019-07-01,14.0,13.0,73.0,34.0,878.4309999999997,545.0659999999991
2019-07-02,14.0,0.0,104.0,,990.2249999999997,18.044999999999995
2019-07-03,14.0,13.0,103.0,50.0,1149.9100000000005,832.267000000009
2019-07-04,14.0,16.0,76.0,53.0,892.3709999999996,1099.6750000000013
2019-07-05,13.0,15.0,104.0,71.0,1252.1579999999994,1217.072999999999
2019-07-06,16.0,12.0,143.0,8.0,1134.7159999999994,414.16999999999916
2019-07-07,13.0,12.0,114.0,53.0,907.2880000000008,817.341999999999
2019-07-08,12.0,17.0,134.0,86.0,1018.566,643.9399999999998
2019-07-09,18.0,15.0,169.0,105.0,1327.3159999999984,1415.7089999999996
2019-07-10,18.0,17.0,158.0,78.0,1595.1029999999996,1450.7479999999996
2019-07-11,14.0,13.0,105.0,95.0,1101.8199999999997,1766.5359999999994
2019-07-12,14.0,16.0,63.0,138.0,889.2960000000005,1793.3949999999998
2019-07-13,11.0,18.0,23.0,132.0,361.3919999999997,1821.7710000000006
2019-07-14,11.0,13.0,90.0,76.0,973.9370000000004,1124.4869999999996
2019-07-15,15.0,14.0,74.0,103.0,966.5519999999988,1309.5419999999995
2019-07-16,14.0,16.0,65.0,30.0,818.4309999999994,563.1579999999992
2019-07-17,14.0,15.0,133.0,135.0,1317.880000000006,1483.701000000001
2019-07-18,14.0,15.0,26.0,76.0,467.7750000000004,1004.3890000000004
2019-07-19,17.0,15.0,41.0,174.0,678.8980000000004,1592.5650000000005
2019-07-20,11.0,15.0,11.0,64.0,415.92399999999975,921.9340000000008
2019-07-21,12.0,14.0,13.0,88.0,440.0050000000005,1216.6670000000004
2019-07-22,13.0,14.0,77.0,92.0,936.1050000000004,786.1800000000002
2019-07-23,16.0,15.0,85.0,135.0,1155.6590000000006,1263.0159999999996
2019-07-24,13.0,13.0,71.0,37.0,873.2519999999995,734.4940000000005
2019-07-25,11.0,14.0,25.0,52.0,504.8759999999994,605.6960000000001
2019-07-26,13.0,18.0,76.0,51.0,1051.0460000000003,1038.1660000000004
2019-07-27,12.0,18.0,150.0,105.0,1230.9319999999996,1470.7019999999993
2019-07-28,12.0,14.0,79.0,14.0,905.7240000000007,388.7429999999995
2019-07-29,13.0,14.0,15.0,15.0,446.6300000000003,448.5939999999993
2019-07-30,11.0,17.0,56.0,58.0,922.9949999999994,517.7070000000003
2019-07-31,12.0,19.0,74.0,82.0,942.5329999999997,804.5969999999994
2019-08-01,13.0,14.0,67.0,13.0,833.6239999999997,463.80999999999983
2019-08-02,15.0,16.0,39.0,41.0,716.8129999999999,773.0720000000005
2019-08-03,12.0,13.0,51.0,150.0,656.7419999999997,1597.8169999999993
2019-08-04,12.0,14.0,63.0,16.0,665.4790000000005,495.7119999999999
2019-08-05,12.0,14.0,67.0,15.0,869.5160000000002,472.4639999999997
2019-08-06,9.0,17.0,165.0,84.0,1765.073,869.6630000000004
2019-08-07,12.0,14.0,88.0,41.0,850.0219999999994,619.279
2019-08-08,16.0,17.0,78.0,84.0,950.3439999999999,1305.4689999999996
2019-08-09,16.0,14.0,85.0,58.0,1197.0870000000011,877.935
2019-08-10,12.0,14.0,96.0,95.0,1106.5970000000011,596.0160000000005
2019-08-11,14.0,12.0,34.0,101.0,560.0559999999997,1353.7520000000004
2019-08-12,10.0,19.0,55.0,82.0,731.0080000000003,723.7259999999999
2019-08-13,13.0,19.0,46.0,79.0,622.6839999999996,660.8200000000012
2019-08-14,15.0,16.0,107.0,66.0,1087.6780000000003,1258.4949999999994
2019-08-15,13.0,13.0,146.0,27.0,1495.4899999999993,716.7729999999996
2019-08-16,11.0,16.0,56.0,76.0,688.814,1345.7169999999992
2019-08-17,15.0,12.0,96.0,97.0,1220.6150000000007,1423.5320000000006
2019-08-18,12.0,12.0,105.0,48.0,806.0690000000002,503.90000000000015
2019-08-19,14.0,16.0,92.0,34.0,1176.4930000000004,686.7050000000012
2019-08-20,13.0,8.0,15.0,86.0,449.2409999999997,1449.7120000000002
2019-08-21,15.0,15.0,97.0,54.0,966.6610000000003,782.8389999999999
2019-08-22,11.0,17.0,75.0,30.0,838.6799999999997,709.0580000000014
2019-08-23,10.0,15.0,50.0,15.0,629.4250000000004,558.534
2019-08-24,12.0,14.0,134.0,72.0,1226.456,1129.1320000000044
2019-08-25,8.0,12.0,29.0,25.0,421.3299999999994,527.8190000000002
2019-08-26,13.0,11.0,93.0,15.0,916.9430000000003,355.82599999999996
2019-08-27,15.0,13.0,81.0,35.0,885.0380000000004,531.1460000000004
2019-08-28,16.0,13.0,67.0,14.0,694.5060000000012,491.84299999999985
2019-08-29,10.0,14.0,210.0,116.0,1884.875,1679.8130000000006
2019-08-30,16.0,13.0,60.0,46.0,621.2650000000001,720.1060000000008
2019-08-31,11.0,10.0,62.0,79.0,756.3309999999993,1087.416000000001
2019-09-01,8.0,13.0,15.0,139.0,471.6309999999999,1665.6990000000005
2019-09-02,13.0,12.0,35.0,141.0,480.36999999999915,1585.7439999999995
2019-09-03,14.0,12.0,57.0,30.0,759.6399999999996,562.1370000000005
2019-09-04,13.0,15.0,77.0,37.0,885.0310000000003,606.488000000001
2019-09-05,13.0,13.0,69.0,82.0,917.8060000000007,1477.9840000000008
2019-09-06,16.0,15.0,74.0,133.0,902.48,1890.2279999999994
2019-09-07,12.0,15.0,54.0,175.0,582.8079999999998,2321.386
2019-09-08,11.0,10.0,28.0,17.0,502.20900000000006,398.6390000000002
2019-09-09,9.0,12.0,77.0,11.0,845.0739999999997,409.1799999999997
2019-09-10,12.0,14.0,41.0,121.0,538.2940000000001,1595.8510000000006
2019-09-11,13.0,16.0,71.0,40.0,743.1440000000008,660.1430000000015
2019-09-12,15.0,15.0,108.0,92.0,1259.6509999999996,1460.4660000000001
2019-09-13,16.0,12.0,115.0,24.0,1126.8090000000002,614.7810000000002
2019-09-14,17.0,12.0,93.0,17.0,966.4310000000003,382.0569999999996
2019-09-15,10.0,6.0,47.0,6.0,600.8270000000006,351.0149999999999
2019-09-16,14.0,17.0,66.0,121.0,932.2720000000003,1589.5070000000005
2019-09-17,8.0,14.0,79.0,69.0,994.2719999999999,1215.2069999999999
2019-09-18,8.0,13.0,84.0,17.0,1024.363,503.97700000000077
2019-09-19,14.0,15.0,137.0,130.0,1730.2199999999998,2161.4919999999993
2019-09-20,15.0,16.0,77.0,64.0,1055.2129999999997,927.6809999999997
2019-09-21,14.0,13.0,110.0,49.0,1249.598000000001,824.5250000000003
2019-09-22,12.0,12.0,56.0,332.0,844.0239999999995,3107.4269999999988
2019-09-23,14.0,15.0,50.0,22.0,1065.0690000000013,567.7509999999995
2019-09-24,14.0,17.0,66.0,83.0,1047.082000000001,1244.7410000000011
2019-09-25,14.0,17.0,41.0,26.0,691.7460000000008,616.1629999999992
2019-09-26,16.0,15.0,76.0,21.0,1250.598999999997,576.6219999999994
2019-09-27,16.0,14.0,80.0,16.0,1221.5220000000013,502.74599999999947
2019-09-28,13.0,19.0,138.0,63.0,1100.1770000000006,1154.023000000006
2019-09-29,15.0,8.0,95.0,38.0,1272.9669999999996,618.4310000000012
2019-09-30,12.0,15.0,84.0,27.0,1242.4869999999992,745.3069999999989
2019-10-01,15.0,13.0,58.0,29.0,987.5020000000012,551.9570000000008
2019-10-02,14.0,12.0,97.0,16.0,1305.95,532.4499999999998
2019-10-03,14.0,15.0,40.0,125.0,712.8839999999997,1958.8750000000125
2019-10-04,16.0,15.0,78.0,16.0,1201.8230000000044,694.2150000000014
2019-10-05,11.0,14.0,93.0,89.0,1213.5979999999945,1208.9179999999994
2019-10-06,16.0,10.0,147.0,14.0,1668.6419999999955,427.3820000000004
2019-10-07,14.0,13.0,90.0,21.0,1391.959000000021,542.7710000000002
2019-10-08,14.0,18.0,59.0,31.0,814.9770000000022,774.143
2019-10-09,16.0,9.0,116.0,17.0,1363.4280000000024,334.6290000000002
2019-10-10,11.0,6.0,67.0,18.0,805.3750000000001,227.76200000000009
2019-10-11,15.0,18.0,46.0,37.0,1030.5879999999997,969.9989999999989
2019-10-12,8.0,11.0,3.0,19.0,186.428,455.14500000000015
2019-10-13,7.0,12.0,19.0,32.0,504.5679999999997,572.8349999999992
2019-10-14,15.0,20.0,77.0,94.0,1279.881,1690.4429999999984
2019-10-15,17.0,16.0,98.0,105.0,1220.7010000000002,1421.9380000000012
2019-10-16,17.0,18.0,83.0,61.0,1003.7859999999997,996.7530000000007
2019-10-17,16.0,16.0,109.0,136.0,1204.6430000000016,1616.849000000004
2019-10-18,18.0,16.0,98.0,77.0,1336.9369999999994,1260.2419999999984
2019-10-19,13.0,15.0,33.0,67.0,881.6979999999992,1344.3110000000015
2019-10-20,19.0,17.0,112.0,84.0,1699.9150000000104,1431.298000000008
2019-10-21,15.0,16.0,56.0,52.0,1102.9700000000012,1123.3289999999997
2019-10-22,17.0,11.0,84.0,81.0,1389.7930000000033,1135.5040000000106
2019-10-23,14.0,14.0,145.0,183.0,1712.5680000000598,1928.4710000000152
2019-10-24,11.0,19.0,102.0,344.0,932.5560000000003,3711.6680000000893
2019-10-25,16.0,16.0,94.0,148.0,1221.6450000000004,1675.0459999999994
2019-10-26,9.0,9.0,49.0,32.0,648.9820000000008,652.3810000000008
2019-10-27,13.0,12.0,15.0,18.0,403.01299999999964,469.4600000000002
2019-10-28,12.0,12.0,29.0,31.0,532.7180000000009,522.0799999999997
2019-10-29,9.0,17.0,24.0,95.0,502.04199999999975,563.6989999999996
2019-10-30,12.0,12.0,31.0,79.0,509.6499999999997,478.4660000000002
2019-10-31,10.0,15.0,43.0,71.0,745.7850000000017,626.7429999999998
2019-11-01,15.0,12.0,31.0,25.0,843.5620000000017,747.4099999999997
2019-11-02,17.0,16.0,23.0,30.0,616.9319999999998,755.9859999999999
2019-11-03,9.0,13.0,12.0,33.0,254.862,632.3409999999997
2019-11-04,14.0,15.0,35.0,76.0,589.6159999999999,705.3690000000009
2019-11-05,13.0,18.0,67.0,70.0,918.9840000000003,652.6420000000006
2019-11-06,12.0,13.0,94.0,24.0,1087.293999999989,534.2230000000004
2019-11-07,14.0,16.0,78.0,114.0,1220.7470000000044,1329.5650000000007
2019-11-08,13.0,16.0,50.0,24.0,831.1370000000028,715.5899999999997
2019-11-09,17.0,16.0,85.0,114.0,1047.5010000000007,1615.0800000000074
2019-11-10,11.0,17.0,47.0,132.0,560.5229999999997,763.8439999999994
2019-11-11,12.0,16.0,41.0,71.0,665.9910000000006,587.9980000000003
2019-11-12,13.0,15.0,138.0,79.0,1200.6409999999992,1055.9289999999983
2019-11-13,13.0,19.0,37.0,77.0,640.8490000000006,662.7780000000008
2019-11-14,12.0,14.0,50.0,21.0,695.7979999999999,608.2650000000011
2019-11-15,13.0,10.0,68.0,11.0,789.9020000000019,463.5689999999997
2019-11-16,13.0,17.0,73.0,70.0,765.6060000000023,1095.8059999999996
2019-11-17,12.0,11.0,48.0,30.0,576.9830000000001,675.9990000000003
2019-11-18,15.0,14.0,63.0,18.0,775.7110000000001,655.1539999999999
2019-11-19,14.0,17.0,118.0,24.0,1399.3710000000046,678.6229999999998
2019-11-20,13.0,19.0,66.0,84.0,886.9969999999988,714.1339999999992
2019-11-21,14.0,18.0,26.0,69.0,644.6600000000011,701.5649999999997
2019-11-22,13.0,18.0,75.0,124.0,1059.706000000003,753.2979999999994
2019-11-23,13.0,14.0,88.0,198.0,936.239,3361.955000000023
2019-11-24,12.0,11.0,28.0,92.0,516.9480000000005,1183.0540000000046
2019-11-25,12.0,14.0,95.0,57.0,845.5150000000035,534.6
2019-11-26,13.0,19.0,80.0,85.0,837.8750000000008,748.260000000001
2019-11-27,12.0,15.0,103.0,87.0,972.1620000000073,727.3459999999988
2019-11-28,15.0,15.0,94.0,137.0,1432.6970000000113,1968.2250000000013
2019-11-29,12.0,11.0,52.0,8.0,822.4360000000012,575.9369999999998
2019-11-30,9.0,13.0,88.0,23.0,846.7300000000008,607.066
2019-12-01,11.0,12.0,56.0,24.0,590.670000000001,523.3449999999998
2019-12-02,16.0,18.0,148.0,61.0,1379.6349999999954,660.3750000000006
2019-12-03,15.0,17.0,70.0,83.0,909.0829999999988,1375.8570000000002
2019-12-04,18.0,18.0,84.0,87.0,989.0639999999968,763.8570000000003
2019-12-05,15.0,14.0,66.0,60.0,991.9249999999944,512.8650000000004
2019-12-06,14.0,16.0,36.0,111.0,889.9350000000017,826.4249999999984
2019-12-07,11.0,16.0,9.0,62.0,476.2149999999994,1172.343
2019-12-08,11.0,9.0,90.0,16.0,1009.8340000000028,376.26000000000056
2019-12-09,14.0,11.0,103.0,83.0,1111.9319999999943,434.1420000000003
2019-12-10,17.0,17.0,69.0,51.0,1021.3500000000047,656.8609999999992
2019-12-11,15.0,18.0,36.0,88.0,666.4910000000018,718.1960000000009
2019-12-12,11.0,16.0,130.0,78.0,1276.373000000016,706.7069999999997
2019-12-13,12.0,16.0,118.0,22.0,1259.8560000000025,708.4829999999994
2019-12-14,19.0,10.0,49.0,36.0,918.9270000000008,523.4089999999994
2019-12-15,11.0,10.0,12.0,34.0,446.72099999999915,742.2739999999997
2019-12-16,14.0,17.0,42.0,103.0,675.1289999999995,818.1629999999991
2019-12-17,16.0,14.0,78.0,19.0,940.1650000000056,505.71500000000054
2019-12-18,13.0,17.0,38.0,84.0,708.5549999999977,760.857
2019-12-19,15.0,16.0,122.0,20.0,1637.6950000000077,715.0909999999997
2019-12-20,8.0,18.0,41.0,93.0,544.9849999999989,680.9290000000002
2019-12-21,11.0,14.0,84.0,59.0,1185.2959999999946,857.2819999999999
2019-12-22,11.0,16.0,40.0,108.0,606.7069999999981,987.469
2019-12-23,11.0,12.0,101.0,79.0,1248.4589999999985,580.508
2019-12-24,13.0,15.0,6.0,71.0,477.5610000000002,576.6609999999995
2019-12-25,13.0,12.0,52.0,50.0,663.2200000000065,427.88599999999985
2019-12-26,11.0,10.0,130.0,13.0,1318.1640000000114,518.2520000000009
2019-12-27,12.0,,57.0,,853.3630000000014,
2019-12-28,12.0,,42.0,,658.8199999999994,
2019-12-29,8.0,,11.0,,463.28800000000086,
2019-12-30,7.0,,71.0,,752.759000000001,
2019-12-31,9.0,,71.0,,746.2460000000071,
2020-01-02,2.0,,13.0,,84.26399999999998,
2017-03-11,,,1.0,,0.07200000000000001,
